Country Name,Indicator Name,1988,1989,1990,1991,1992,1993,1994,1995,1996,1997,1998,1999,2000,2001,2002,2003,2004,2005,2006,2007,2008,2009,2010,2011,2012,2013,2014,2015,2016,2017,2018,2019,2020,2021,2022
Afghanistan,GDP (current US$),,,,,,,,,,,,,3521418060,2813571754,3825701439,4520946819,5224896719,6203256539,6971758282,9747886187,10109297048,12416152732,15856668556,17805098206,19907329778,20146416758,20497128556,19134221645,18116572395,18753456498,18053222687,18799444490,19955929052,14259995441,14497243872
Albania,GDP (current US$),2051236250,2253090000,2028553750,1099559028,652174990.8,1185315469,1880950864,2905092799,3234486232,2293666030,2600356999,3283941511,3584570165,4059064033,4515003117,5801712040,7406645793,8256658250,9150528132,11116937870,13258506375,12335540656,12086545641,12973755875,12246499748,12796985886,13296322588,11470171827,11988668785,13258268436,15379508330,15585111614,15241455556,18032009220,19017244117
Algeria,GDP (current US$),59089396860,55634721573,62048507531,45715676428,48003133347,49945584453,42543176829,41764291672,46941554225,48177612042,48187781984,48640671735,54790398570,59413400924,61516103406,73482264191,91913680985,1.07047E+11,1.23084E+11,1.42483E+11,1.80384E+11,1.50317E+11,1.77785E+11,2.18332E+11,2.27144E+11,2.29701E+11,2.38943E+11,1.87494E+11,1.80764E+11,1.89881E+11,1.94554E+11,1.9346E+11,1.64873E+11,1.86231E+11,2.25638E+11
Andorra,GDP (current US$),721425939.2,795489582,1028989692,1106891362,1209992020,1007090270,1017544069,1178745283,1224024139,1180645572,1211953994,1240295103,1432606189,1548265808,1764279824,2366941809,2900245324,3161084091,3459337987,3957625367,4102319399,3688976341,3449925739,3629133574,3188652765,3193512950,3271685597,2789881259,2896610480,3000162081,3218419897,3155149348,2891001149,3324647529,3380612573
Angola,GDP (current US$),8769836769,10201780977,11229515599,10603784541,8307810974,5768720422,4438321017,5538749260,7526421519,7648380196,6506221616,6152923310,9129594970,8936079118,15285592370,17812704586,23552057679,36970900884,52381025141,65266415494,88538665085,70307196182,83799474070,1.1179E+11,1.28053E+11,1.32339E+11,1.35967E+11,90496420507,52761617226,73690154991,79450688259,70897962732,48501561204,66505129988,1.044E+11
Antigua and Barbuda,GDP (current US$),411396296.3,455174074.1,478718518.5,504337037,525133333.3,565662963,625081481.5,616051851.9,679140740.7,734422222.2,789788888.9,835544444.4,901003703.7,877774074.1,898092592.6,948100000,1026329630,1143896296,1303674074,1487381481,1557640741,1386518519,1298348148,1287359259,1364729630,1325496296,1378707407,1437485185,1489603704,1534855556,1661529630,1726448148,1411637037,1602125926,1866566667
Argentina,GDP (current US$),1.2689E+11,76629728760,1.41353E+11,1.8972E+11,2.28779E+11,2.36742E+11,2.5744E+11,2.58032E+11,2.7215E+11,2.92859E+11,2.98948E+11,2.83523E+11,2.84204E+11,2.68697E+11,97724004252,1.27587E+11,1.64658E+11,1.98737E+11,2.32557E+11,2.87531E+11,3.61558E+11,3.32976E+11,4.23627E+11,5.30158E+11,5.45982E+11,5.52025E+11,5.2632E+11,5.94749E+11,5.57532E+11,6.43628E+11,5.2482E+11,4.47755E+11,3.85741E+11,4.86564E+11,6.3279E+11
Armenia,GDP (current US$),,,2256863449,2069870130,1272835453,1201312829,1315158637,1468317435,1596968946,1639492445,1893726437,1845482173,1911563669,2118467913,2376335048,2807061009,3576615240,4900469511,6384452067,9206301270,11662040714,8647937081,9260285756,10142111825,10619320683,11121464437,11609513247,10553337518,10546136236,11527458709,12457940695,13619290539,12641698583,13878908629,19513506553
Aruba,GDP (current US$),596648044.7,695530726.3,764804469.3,872067039.1,958659217.9,1083240224,1245810056,1320670391,1379888268,1531843575,1665363129,1722905028,1873452514,1896456983,1961843575,2044111732,2254830726,2360017318,2469782682,2677641341,2843024581,2553793296,2453597207,2637859218,2615208380,2727849721,2790849721,2962907263,2983635196,3092429050,3276184358,3395798883,2481857123,2929446578,3279343544
Australia,GDP (current US$),2.36161E+11,2.99876E+11,3.11427E+11,3.25975E+11,3.25525E+11,3.12134E+11,3.22807E+11,3.68166E+11,4.01342E+11,4.35643E+11,3.99674E+11,3.89652E+11,4.16168E+11,3.79629E+11,3.95789E+11,4.67739E+11,6.1466E+11,6.95693E+11,7.48418E+11,8.55007E+11,1.05611E+12,9.28762E+11,1.14884E+12,1.39861E+12,1.54753E+12,1.57712E+12,1.46827E+12,1.3513E+12,1.20684E+12,1.32558E+12,1.42781E+12,1.39272E+12,1.32841E+12,1.55674E+12,1.69086E+12
Austria,GDP (current US$),1.32817E+11,1.32584E+11,1.65811E+11,1.73113E+11,1.94314E+11,1.89634E+11,2.02738E+11,2.40094E+11,2.35953E+11,2.11725E+11,2.17068E+11,2.16422E+11,1.96182E+11,1.96477E+11,2.12837E+11,2.6078E+11,2.9921E+11,3.13952E+11,3.33906E+11,3.8676E+11,4.29234E+11,3.9929E+11,3.89828E+11,4.28955E+11,4.0675E+11,4.26581E+11,4.38556E+11,3.79546E+11,3.93687E+11,4.14926E+11,4.52582E+11,4.42984E+11,4.34398E+11,4.80467E+11,4.71774E+11
Azerbaijan,GDP (current US$),,,8884848485,5344000000,444658671.6,1570392598,1193141110,2417331193,3176507376,3962362388,4446368571,4581248567,5272615723,5707616204,6236087738,7276413079,8680405741,13245421881,20981929498,33049419431,48851293785,44292427185,52909294792,65952796428,69679944504,74160560124,75239785452,53076235355,37866996883,40866627352,47112470052,48174235294,42693000000,54825411765,78807470588
"Bahamas, The",GDP (current US$),2817900000,3062000000,3166000000,3111160000,3109000000,3092000000,3259000000,3429000000,3609000000,6332360000,6833220000,7683870000,8076470000,8317830000,8881160000,8870090000,9055290000,9836200000,10167250000,10618340000,10526000000,9981960000,10095760000,10070450000,10720400000,10475300000,11139100000,11837600000,11880900000,12446900000,12819200000,13277000000,10363200000,12037000000,13896800000
Bahrain,GDP (current US$),4209834173,4393093963,4809511005,5248911170,5402232447,5913001064,6330627926,6651180851,6938166755,7219407713,7031309043,7528469149,9062898936,8976196809,9593510638,11074813830,13150159574,15968723404,18504760638,21730000000,25710904255,22938218085,26805984043,29914680851,31963404255,33823324468,34772526596,32523297872,33884680851,37204813830,39567978723,40446808511,35837632979,40840212766,46458191489
Bangladesh,GDP (current US$),26579005558,28781715189,31598340778,30957483950,31708874594,33166519418,33768660883,37939748769,46438484108,48244309133,49984559471,51270569884,53369787319,53991289844,54724081491,60158929188,65108544250,69476001239,71795736172,79611644975,91636997371,1.02475E+11,1.15276E+11,1.28607E+11,1.33311E+11,1.49999E+11,1.72887E+11,1.95147E+11,2.65225E+11,2.93732E+11,3.21363E+11,3.51232E+11,3.73979E+11,4.16272E+11,4.60132E+11
Barbados,GDP (current US$),1812757918,2006165167,2012131457,2020583702,1957000000,2063342117,2151344901,2216974096,2363645404,2498384130,2817083478,2951822205,3059500000,3054500000,3106500000,3209500000,3444500000,3819500000,4217323400,4675767950,4790410400,4466809600,5191188500,5342183800,5271257500,5361158350,5365976700,5288057750,5330761500,5517340450,5629916200,5788288000,5168344450,5275242050,6257303500
Belarus,GDP (current US$),,,17389558233,18404907975,16939790094,16275073527,14931435232,13972683274,14756846154,14130585516,15221352699,12138243081,12736780455,12354820144,14594900945,17825444724,23141566293,30210091837,36961894281,45275711996,60752106347,50873167326,57231904543,61762382328,65685890439,75527558966,78813069121,56454769845,47723545321,54725405751,60031026576,64410170653,61371673345,69673747132,73775179925
Belgium,GDP (current US$),1.62299E+11,1.64221E+11,2.05332E+11,2.10511E+11,2.34782E+11,2.24722E+11,2.44884E+11,2.88026E+11,2.79201E+11,2.52708E+11,2.58528E+11,2.58246E+11,2.36792E+11,2.36746E+11,2.58384E+11,3.18083E+11,3.69215E+11,3.85715E+11,4.0826E+11,4.70922E+11,5.17328E+11,4.85015E+11,4.81557E+11,5.27197E+11,4.98414E+11,5.24097E+11,5.37987E+11,4.61045E+11,4.74272E+11,5.00909E+11,5.42639E+11,5.36726E+11,5.29694E+11,5.98522E+11,5.93615E+11
Belize,GDP (current US$),421450000,491100000,547150000,597100000,696250000,752850000,772300000,819050000,850850000,873400000,929500000,1000250000,1138900000,1172800000,1244650000,1308900000,1400850000,1474950000,1591150000,1707100000,1738900000,1688500000,1745700000,1827050000,1909400000,2032750000,2138250000,2193050000,2240200000,2266300000,2293250000,2388300000,2042850000,2420550000,2846700000
Benin,GDP (current US$),1620246084,1502294416,1959965330,1986437797,1695315306,2274558083,1598075944,2169627138,2361116449,2268301647,2455092686,3677393999,3519991440,3666222635,4194342686,5349258094,6190270380,6567654954,7034111315,8169048383,9787734526,9738626517,9535345016,10693321364,11141358116,12517845124,13284527847,11388160997,11821065853,12701655837,14262408090,14391686313,15686741894,17687623535,17425405084
Bermuda,GDP (current US$),1415100032,1501500032,1592400000,1634900000,1679900000,1820359900,1867160100,2030750000,2695390000,2932827000,3130748000,3324433000,3480219000,3680483000,3937228000,4186525000,4484703000,4868136000,6144000000,6767000000,6980000000,6656000000,6634526000,6312691000,6378188000,6465756000,6413988000,6654541000,6899911000,7142316000,7225977000,7423465000,6887364000,7290037000,7874381000
Bhutan,GDP (current US$),272298066.6,264798626.2,287765007.1,240294286,240233531.2,225973692.8,258954708.1,290490983.8,303408345.6,352229076.7,363458380.9,399311199.5,460733418.4,496110225.7,559345263.7,651935430.3,735348490.4,860391000.2,942879878.5,1255767964,1317517835,1331343798,1708880730,1977728659,1973387228,1943696952,2089079571,2187815803,2357504761,2591358009,2583335722,2735683570,2457604334,2768802960,2898227744
Bolivia,GDP (current US$),4597611710,4715973437,4867582598,5343262457,5643868749,5734699489,5981222859,6715161732,7396949126,7925736822,8497494652,8285064435,8397855485,8141516928,7905485146,8082399640,8773451752,9549122905,11451844902,13120108008,16674276286,17339992194,19649723722,23963164697,27084497482,30659338886,32996188017,33000198249,33941126194,37508642171,40287647931,40895322851,36629843806,40406111693,44008282880
Bosnia and Herzegovina,GDP (current US$),,,7753478261,6122959184,4735044707,3630668950,1255802469,1866572954,2786045322,3671909673,4116774301,4686256363,5567772769,5800615466,6728220887,8498894359,10156541538,11222796337,12864841906,15778734264,19112796623,17613949091,17176315804,18644233537,17226735996,18179108531,18558733564,16404348871,17116926328,18326373366,20484053869,20482608755,20226036564,23672712242,24534663636
Botswana,GDP (current US$),2644554159,3083822112,3790636324,3942876704,4146464587,4160129175,4259259604,4730599122,4847757218,5020265627,4790481509,5484263347,5788329609,5489608300,5438863983,7511582173,8957467707,9918907108,9919158482,10567270656,10730829116,10118459242,12637273429,15110643612,13907464500,14271738933,15470088501,13530748845,15082637184,16105155857,17031943186,16725908149,14960251611,18750182235,20321150598
Brazil,GDP (current US$),3.07882E+11,4.12991E+11,3.8496E+11,3.42534E+11,3.28192E+11,3.68292E+11,5.25369E+11,7.69333E+11,8.50426E+11,8.83206E+11,8.63711E+11,5.99642E+11,6.55448E+11,5.59984E+11,5.09795E+11,5.58234E+11,6.69289E+11,8.91634E+11,1.10763E+12,1.39711E+12,1.69586E+12,1.667E+12,2.20884E+12,2.61616E+12,2.46523E+12,2.47282E+12,2.45604E+12,1.80221E+12,1.79569E+12,2.06351E+12,1.91693E+12,1.87329E+12,1.47611E+12,1.67065E+12,1.95192E+12
Brunei,GDP (current US$),4535130305,4983622881,6039881087,6284497300,6327966445,6203339925,6467782521,7700144057,7663377277,7793034390,5550846025,6309070375,6570999060,6096155748,6333082879,7167725265,8619178799,10547202612,12644616446,13432029496,15926456492,11912904529,13707121031,18524791071,19048443340,18094148099,17097797372,12930296852,11400266055,12128168047,13566908401,13469235348,12005799664,14006496614,16681536443
Bulgaria,GDP (current US$),22555941176,21988444444,20632090909,7628738475,8602887623,10832064942,9709240034,18991484420,12294964838,11316127379,15031055047,13637098579,13245990274,14183446026,16403043850,21144957990,26157743369,29868657858,34380536496,44431257129,54480684188,52023801230,50689051382,57681293007,54297052002,55819262375,57080897012,50765918159,53929397039,59167647388,66251582036,68634004792,70550652467,84414122840,90509236929
Burkina Faso,GDP (current US$),2616040479,2615587734,3101300779,3135045584,3356692505,3199536465,1895290637,2379517975,2586550595,2447669102,2804902367,3389566713,2968370088,3190371081,3622350063,4740768143,5451688538,6146353173,6547419820,7625722837,9451435490,9450696873,10109619741,12080295978,12561015157,13444300486,13943016077,11832159316,12833363045,14106955615,15890066221,16032813503,17725010533,19697516284,18820218691
Burundi,GDP (current US$),1082403220,1113924130,1132101253,1167398478,1083037671,938632612,925030590.2,1000428394,869033856.3,972896267.9,893770740.2,808077223.4,870486065.9,876794723.1,825394519.4,784654423.6,915257323.4,1117113080,1273375078,1356199387,1611835857,1781455140,2032135192,2235820809,2333341334,2451606632,2705783330,3104003546,2644487777,2723586963,2667182200,2576518880,2649680261,2775798697,3338722828
Cambodia,GDP (current US$),1662877859,1353137648,1402541177,2054974089,2491486594,2533727592,2791435272,3441205693,3506695720,3443413389,3120425503,3517242477,3694168979,4145665970,4501227627,5046693484,5883297160,7066296463,8350531017,10127916460,12174303999,12502901170,13808673288,16032622024,17826536700,19807135253,22041463968,24174170369,26556545153,29355665910,33145892169,36685356408,34818073901,36790163687,39994532960
Cameroon,GDP (current US$),12236057362,11012566195,12314482628,11840192296,12071775335,16181814713,8902446252,10864772471,11093538846,10789458433,11298144990,11565826465,10566579295,10953485349,12417251350,15970315035,18826214136,19509852207,20910512975,23928250433,27715142033,27932970317,27507501821,30630910495,30155062329,33728621180,36386544706,32210233020,33814337044,36098547033,39955552190,39667757528,40773241177,45011937347,44347206073
Canada,GDP (current US$),5.0938E+11,5.67212E+11,5.96076E+11,6.12528E+11,5.94387E+11,5.79054E+11,5.79944E+11,6.05961E+11,6.30608E+11,6.54987E+11,6.34E+11,6.78412E+11,7.44773E+11,7.38982E+11,7.60649E+11,8.95541E+11,1.02669E+12,1.17311E+12,1.31926E+12,1.46882E+12,1.55299E+12,1.37463E+12,1.61734E+12,1.79333E+12,1.82837E+12,1.8466E+12,1.80575E+12,1.55651E+12,1.52799E+12,1.64927E+12,1.72533E+12,1.74373E+12,1.65568E+12,2.02238E+12,2.19041E+12
Cape Verde,GDP (current US$),264308140.3,267448571.4,306890962.7,319827058.6,357160985.3,490417389.7,406580652.3,487148993.5,501979269.8,490608657.9,521910560.5,592416703.1,539227277.6,563090490.4,620507387.5,813260468.9,924940011.8,972241676.9,1107571458,1649621739,1959620648,1852334575,1824751468,2046817987,1913081210,2028910915,2041930125,1749857620,1849789986,1996741540,2205099507,2252177124,1821565614,2051842619,2247003344
Cayman Islands,GDP (current US$),,,,,,,,,,,,,,,,,,,4200288241,4466278065,4585949024,4281714567,4156841107,4186073104,4291004524,4405796023,4562853611,4708167233,4909322237,5166281305,5530178441,5941896608,5655358021,6060026520,6600843963
Central African Republic,GDP (current US$),1264899288,1233930281,1440711459,1377374987,1411917553,1278781262,851174356.8,1115389674,1007791127,937741513,967338389.7,999477510.7,916777282.7,932648604.8,996068144.9,1142315523,1272360517,1337894379,1461859762,1699811295,1993407888,2067381665,2142591540,2437982705,2510126512,1691544110,1894813389,1695825714,1825018145,2072349973,2220979146,2221301351,2326720900,2516498412,2382618615
Chad,GDP (current US$),1482597298,1433686312,1738605558,1877137982,1881847670,1463251164,1179837963,1445919895,1607345356,1544689577,1744794531,1534673583,1388506772,1710843377,1997005709,2742815072,4422855661,8655892393,9709626596,10865385132,13385593990,12317614054,14058506664,16685349674,17892228570,17865316886,18144336904,14559599500,13026289836,13349041409,15327000249,14905517743,14932897821,16871937698,17828508290
Chile,GDP (current US$),26174858614,30101767991,33428580448,38232330917,46538895686,49934943321,57438273591,73820425702,78584098984,85741415285,81990010704,75578685736,78339750721,71574739561,70264045939,76492579644,99075985774,1.22294E+11,1.53844E+11,1.72491E+11,1.79895E+11,1.71778E+11,2.17051E+11,2.51383E+11,2.67025E+11,2.77395E+11,2.59561E+11,2.4245E+11,2.49345E+11,2.76154E+11,2.95858E+11,2.78285E+11,2.54042E+11,3.15326E+11,3.01227E+11
China,GDP (current US$),3.12889E+11,3.48381E+11,3.6156E+11,3.8451E+11,4.28502E+11,4.46557E+11,5.6693E+11,7.38191E+11,8.68524E+11,9.67754E+11,1.03713E+12,1.10384E+12,1.22375E+12,1.35504E+12,1.48982E+12,1.6839E+12,1.9842E+12,2.31755E+12,2.7915E+12,3.60406E+12,4.66735E+12,5.18958E+12,6.19256E+12,7.67176E+12,8.67366E+12,9.74312E+12,1.06745E+13,1.12808E+13,1.1456E+13,1.25376E+13,1.41478E+13,1.45602E+13,1.49964E+13,1.82017E+13,1.83168E+13
Colombia,GDP (current US$),39212550050,39540080200,47844090710,49637993949,58394443378,66474101301,81705497617,92495970511,97153389011,1.06656E+11,98486358581,86278947637,99875074951,98200641203,97945812803,94644969157,1.17092E+11,1.45601E+11,1.61793E+11,2.0623E+11,2.42504E+11,2.32469E+11,2.86499E+11,3.34966E+11,3.70691E+11,3.82094E+11,3.81241E+11,2.93492E+11,2.8272E+11,3.11867E+11,3.34198E+11,3.23032E+11,2.70348E+11,3.18525E+11,3.45632E+11
Comoros,GDP (current US$),356500032.7,341476768.3,429622177.7,424108769.5,457388651.5,452881475.1,319189184.3,398461797,396053805.9,364445600.5,370106745.9,382454990,351136579.6,378512024.1,425964681,546885222.7,633706110.8,653845169.2,698431793.9,795673152.9,915659108,905341172.7,907979446.4,1023087476,1015842907,1116223107,1149587624,966029599.8,1012835493,1077439756,1188797450,1195019531,1225039196,1299039312,1279542248
"Congo, Rep.",GDP (current US$),2212536312,2389593026,2798746050,2724853506,2933222703,2684323623,1769365438,2116003868,2540697539,2322719103,1949481379,2354772960,3227927698,2796704604,3034250924,3503723088,4656974940,6650001680,8072305029,8782703437,11649857673,9723299915,13148396212,15655383577,17692911296,17958720699,17919321078,12434793867,10931328151,11834473039,14773900289,13976637780,11468687464,14825690211,15817030157
Costa Rica,GDP (current US$),4614629898,5251025768,5711687787,7215725487,8579754758,9564815975,10489903725,11578594260,11678424507,12614602382,13684255947,14254866285,15013629662,15976174337,16578820687,17271760507,18610594846,20040642477,22715540324,26884700709,30801745700,30745714313,37658616952,42762613699,47231655432,50949668842,52016408854,56441920821,58847019610,60516044657,62420164992,64417670521,62395610760,64960725734,69243626029
Cote d'Ivoire,GDP (current US$),10255169806,9757410645,10795850583,10492628581,11152971274,11045760288,8313557510,11000146267,18071152831,18047558038,19619654756,18870992456,16577533892,16810537044,18054383321,21251754340,23510575681,24036918703,25281413263,28760090953,34078240293,33886813250,34936307980,36693710801,36302302877,42760235485,48843005614,45815005169,48407761037,52512343997,58522477787,60382894697,63027852805,72794636649,70922824824
Croatia,GDP (current US$),,,25650213280,18760386775,10621169291,11259647874,15062911617,22772394547,24150978347,24175764812,25890228430,23777026779,22134411297,23066883850,26757722429,35245317002,41836292157,45013119282,49590197657,59298265770,68478776206,62321642125,58981738869,62903737380,57551963753,59852401272,59612144078,51005200670,52654855638,56186190438,61668130123,61467582194,57963370885,69006802299,71198635102
Cuba,GDP (current US$),27458999472,27023468666,28645436569,24316556026,22085858243,22367254865,28448326757,30429803651,25017368700,25365908100,25736331200,28364615200,30565400000,31682400000,33590500000,35901200000,38203000000,42643836100,48835925926,54262870370,56302129630,57481481481,59562962963,68990000000,73141000000,77148000000,80656100000,87132800000,91370407864,96850649692,1.0005E+11,1.03428E+11,1.07352E+11,,
Curaçao,GDP (current US$),,,,,,,,,,,,,2120511229,2143450726,2160784693,2202117374,2237160503,2344637263,2457581732,2593831508,2833476145,2869153184,2951342793,2930092235,3012836257,3033568603,3059406983,3058779218,3024690168,3033433240,3046364804,3026124116,2534327592,2739594360,3075180835
Cyprus,GDP (current US$),4278792597,4563482604,5591130218,5770197349,6912150456,6590291048,7425703929,9933137128,10011914680,9547816420,10248618778,10497907228,9985847314,10397898907,11420228846,14547329558,17320551250,18433412511,20072754987,23968727074,27844646258,26048179949,25799940078,27641547910,25047436975,23959712861,23225918260,19909278417,21046462281,22946570629,25754001368,26196667100,25555093854,30372642502,30935566077
Czech Republic,GDP (current US$),,,41016881802,30071014282,35051065440,41155654032,48188478339,60572381311,67804105330,62539765163,67187217328,65586562605,62175642238,68135304464,82607869610,1.00436E+11,1.20148E+11,1.37264E+11,1.56236E+11,1.90041E+11,2.36506E+11,2.06972E+11,2.11169E+11,2.31429E+11,2.10363E+11,2.13024E+11,2.10911E+11,1.89108E+11,1.98161E+11,2.21564E+11,2.51992E+11,2.56794E+11,2.5111E+11,2.90973E+11,3.01831E+11
Denmark,GDP (current US$),1.1554E+11,1.12312E+11,1.38218E+11,1.39181E+11,1.52966E+11,1.43111E+11,1.56018E+11,1.84848E+11,1.87481E+11,1.73241E+11,1.76877E+11,1.77888E+11,1.64044E+11,1.64882E+11,1.78788E+11,2.18421E+11,2.51986E+11,2.6515E+11,2.83386E+11,3.20213E+11,3.54979E+11,3.22619E+11,3.22346E+11,3.44316E+11,3.26793E+11,3.44631E+11,3.52833E+11,3.01759E+11,3.12182E+11,3.31611E+11,3.55293E+11,3.45401E+11,3.55631E+11,4.08378E+11,4.01946E+11
Djibouti,GDP (current US$),395794538.6,409220087.1,452328087.3,462421998.5,478058304.9,466048469.2,491689220.7,497723960.6,494004647.7,502675542,514267869.3,536080148.1,551230861.9,572417440.8,591122039.6,622044665.5,666072101.8,708633194.7,768873684,847918929.1,999105339.3,1049110685,1128611700,1239144502,1353632942,2044440443,2220637966,2424391785,2604955229,2762581334,2913464658,3088851450,3144136197,3392796953,3562814909
Dominica,GDP (current US$),171106184.1,185137243,201429629.6,219762963,234059259.3,245525925.9,264374074.1,274522222.2,292285185.2,302988888.9,322411111.1,331759259.3,333470370.4,377462963,375200000,373318518.5,396711111.1,391455555.6,416674074.1,444685185.2,480003703.7,515618518.5,519859259.3,532081481.5,520355555.6,545325925.9,572255555.6,583177777.8,612711111.1,563355555.6,628244444.4,644259259.3,528944444.4,562911111.1,623062963
Dominican Republic,GDP (current US$),5374299982,6686593060,7073675545,9824483340,11605382504,13081042400,14644734599,16637370839,18241622548,20017450041,21672215547,22136579397,24305780629,25601823688,27137440786,21403167848,22322387382,35777560684,37879830084,43965458509,48091433554,48223781477,53801053353,57948261616,60561635556,62555417415,67014329100,70966782572,75552902636,79070274743,84994732049,89146130745,78546672407,94850719517,1.13478E+11
Ecuador,GDP (current US$),13051881851,13890823705,15239272612,16988535268,18094238119,18938717359,22708673337,24432884442,25226393197,28162053027,27981896948,19645272636,17539454727,23127055000,27054197000,30965208000,35194947000,40278849000,45690762000,49848725000,61139438000,60094978000,68151329000,78986648000,87735048000,96570334000,1.02718E+11,97209558000,97671433000,1.04467E+11,1.07479E+11,1.07596E+11,95865473000,1.07179E+11,1.16133E+11
"Egypt, Arab Rep.",GDP (current US$),34980124929,39756299050,42978914311,37387836491,41855986519,46578631453,51897983393,60159245060,67629716981,78436578171,84828807556,90710704807,99838543960,96684636119,85146067416,80288461538,78782467532,89660339660,1.07426E+11,1.30438E+11,1.62818E+11,1.89147E+11,2.18984E+11,2.3599E+11,2.79117E+11,2.88434E+11,3.05595E+11,3.29367E+11,3.32442E+11,2.48363E+11,2.62589E+11,3.18679E+11,3.83818E+11,4.24672E+11,4.76748E+11
El Salvador,GDP (current US$),4189880000,4372215300,4817542204,5252342400,5813399300,6680269200,7679384000,8921947100,9586327800,10221705900,10936669900,11284197000,11784927700,12282533600,12664190300,13243892200,13724810900,14698000000,15999890000,17011750000,17986890000,17601620000,18447920000,20283780000,21386150000,21990960000,22593470000,23438240000,24191430000,24979190000,26020850000,26881140000,24921190000,29043140000,31870120000
Eritrea,GDP (current US$),,,,,477101651.7,467872714.8,531688311.7,578015625,693535954.2,686490090.1,745523116.9,688918537.1,706370815.6,752371688.7,729321680.2,870248267.6,1109054005,1098424686,1211161880,1317974491,1380188800,1856695551,1589515447,2065001626,,,,,,,,,,,
Estonia,GDP (current US$),,,,,,4013091682,4123011420,4502970889,4786018988,5154420649,5674080543,5756912266,5686579748,6250218423,7370119619,9876595528,12148595031,14109491357,17025671810,22450264166,24342935404,19633984440,19524355419,23303915795,23237406116,25451032781,27055689003,23311847751,24561027788,27469461919,31222632741,31873748770,31820771494,37204563051,38376046175
Eswatini,GDP (current US$),692026454.7,696921542.4,1114694041,1156135718,1284759928,1357189552,1419294254,1698989464,1602741834,1716714070,1576908856,1547888496,1738093840,1542477309,1432221739,2197598466,2770082792,3178112499,3291330019,3469381231,3294084314,3580428053,4438765086,4820478680,4886551484,4464726181,4286015248,3909281650,3724180911,4463673661,4644696656,4616996145,4120621325,4785708166,4741163885
Ethiopia(excludes Eritrea),GDP (current US$),11181119718,11762932007,12478943895,13799799324,10754799037,9051043870,7100806754,7855205207,8761215549,8803539988,8013274132,7892973532,8242349618,8231326016,7850809498,8623691300,10131187261,12401139454,15280861835,19707616773,27066912635,32437389116,29933790334,31952763089,43310721414,47648276605,55612228234,64589328551,74296766562,81770885148,84269180857,95912620248,1.07658E+11,1.11262E+11,1.26773E+11
Faeroe Islands,GDP (current US$),968576956.9,871935350.4,960805409,909253214.8,912670413.3,760957189.8,758739178.6,901404709.8,989536914.7,933763083.4,1104744235,1127684827,1067109531,1160268212,1275093689,1501941581,1724770771,1759739599,2017680835,2339015313,2489873250,2296065170,2331796784,2505740669,2427200389,2690110521,2914012679,2573905971,2813278869,2980057378,3188600927,3266432734,3271813312,3664686797,3566698398
Fiji,GDP (current US$),1110009523,1182660266,1337017560,1383883250,1532411039,1636101247,1825732093,1970301486,2128696644,2090221137,1653146717,1936459986,1678219508,1652462023,1833279985,2300492465,2708078477,2980403845,3076305453,3378314600,3523185920,2870624636,3140166713,3779411899,3972028104,4189967999,4857104769,4682479894,4930213644,5353469174,5581425327,5444407198,4432466220,4305031650,4969503549
Finland,GDP (current US$),1.09039E+11,1.18991E+11,1.41446E+11,1.27794E+11,1.12538E+11,89112105756,1.03183E+11,1.3406E+11,1.31992E+11,1.26863E+11,1.33991E+11,1.35234E+11,1.25968E+11,1.2952E+11,1.40361E+11,1.71613E+11,1.97458E+11,2.04859E+11,2.17044E+11,2.5636E+11,2.85699E+11,2.53481E+11,2.4943E+11,2.75127E+11,2.57443E+11,2.70268E+11,2.73479E+11,2.33211E+11,2.38778E+11,2.53846E+11,2.73869E+11,2.67015E+11,2.7E+11,2.94223E+11,2.80253E+11
Fm Sudan,GDP (current US$),14372555556,21408111111,33641222222,44171194366,7031933492,8881005436,12793794737,13830363900,9018300725,11681175864,11250221537,10682028340,12257299147,15716361792,18137128388,21355298460,26646007251,35182711988,45263831634,59440139775,64833083257,51621044077,58962978034,55018567211,37632919967,43024018082,49516748618,51726758677,42630376000,41283617976,32333780383,32338079165,27034593750,34229513775,51666875363
France,GDP (current US$),1.01083E+12,1.01674E+12,1.25765E+12,1.25896E+12,1.38966E+12,1.31438E+12,1.38582E+12,1.59522E+12,1.59889E+12,1.44939E+12,1.49691E+12,1.48692E+12,1.36096E+12,1.37038E+12,1.49243E+12,1.8351E+12,2.10979E+12,2.19215E+12,2.31786E+12,2.65582E+12,2.9268E+12,2.70008E+12,2.64623E+12,2.87041E+12,2.68301E+12,2.81608E+12,2.86124E+12,2.44248E+12,2.47041E+12,2.58887E+12,2.78158E+12,2.72279E+12,2.64793E+12,2.96643E+12,2.7963E+12
French Polynesia,GDP (current US$),2723496362,2731683485,3320159522,3410078968,3713785765,3544608548,3676123788,4186994249,4166072830,3762859093,3903186593,3911602004,3599845480,3573808556,3965405553,4927780607,5564109982,5705052135,5877997980,6631156406,7136741422,6584557974,6086644799,6203940037,5692858099,6031827123,6151996561,5325846362,5497036477,5833352693,6135116253,6022276196,5574821989,6150640646,5814661209
Gabon,GDP (current US$),3834503376,4186411464,5952293765,5402919785,5592390827,4378645081,4190819344,4958845648,5694040003,5326817115,4483417310,4662992036,5080483629,5023265413,5335451100,6511903365,7770219008,9582783991,10327598306,12455409587,15571348344,12113699068,14372593020,18210307744,17170464016,17595744798,18203966896,14383107763,14023890265,14929487485,16867326402,16874405465,15342236164,19444935097,20440655695
"Gambia, The",GDP (current US$),266672211.9,284120329.4,317083695.5,690311080.5,714254256.1,755040974.1,746493951.9,785999864.8,848239446.2,803633342.5,840285264.6,814724032.1,782913871.8,687410645.1,578235309.3,487038685,961900651.4,1027701068,1054112488,1279703047,1561766956,1450142509,1543294927,1409693597,1415004738,1375609453,1229461721,1378176609,1484578886,1504909463,1670671328,1813609692,1812170891,2014158842,2204734527
Georgia,GDP (current US$),8833588173,8902632715,7735927264,6324503311,3690328964,2701181331,2513867645,2693732612,3094936177,3510520231,3613497317,2800025883,3057475335,3219462262,3395766678,3991377904,5125365192,6410912050,7745250734,10172931089,12795145131,10766920066,12426907967,15475290469,16894392033,17517660144,17966015109,15223796149,15444548902,16473125375,17902544881,17638337117,16010869216,18853115589,24984568960
Germany,GDP (current US$),1.40637E+12,1.40409E+12,1.77816E+12,1.87579E+12,2.14138E+12,2.07895E+12,2.21528E+12,2.59305E+12,2.50658E+12,2.21879E+12,2.24776E+12,2.21387E+12,1.96698E+12,1.96638E+12,2.10235E+12,2.53472E+12,2.85232E+12,2.89339E+12,3.04631E+12,3.48406E+12,3.80879E+12,3.4798E+12,3.46815E+12,3.82483E+12,3.5979E+12,3.80809E+12,3.9658E+12,3.42357E+12,3.53778E+12,3.76309E+12,4.05201E+12,3.95721E+12,3.94014E+12,4.3483E+12,4.1636E+12
Ghana,GDP (current US$),5197765032,5251858440,5889106574,6603185268,6416103926,5968922939,5446383727,6464382808,6932991739,6891443192,7482069162,7718109982,4982850662,5314872854,6166197848,7632723556,8881417907,10744568381,20885037597,24827339138,28679383241,26048720006,32197655567,39336668081,41271701061,62845721960,54678533806,49436806230,56144179398,60385409435,67259353966,68352629246,70008243860,79514204730,73919003210
Greece,GDP (current US$),75200610137,78067933277,96529587274,1.03681E+11,1.14608E+11,1.07296E+11,1.1498E+11,1.34975E+11,1.42503E+11,1.38766E+11,1.39613E+11,1.37131E+11,1.2576E+11,1.3205E+11,1.50254E+11,1.96931E+11,2.3498E+11,2.42316E+11,2.69073E+11,3.14227E+11,3.51121E+11,3.26829E+11,2.96418E+11,2.83228E+11,2.38841E+11,2.36556E+11,2.33912E+11,1.94567E+11,1.93097E+11,2.00381E+11,2.13299E+11,2.07306E+11,1.91363E+11,2.18304E+11,2.18881E+11
Greenland,GDP (current US$),898607670.6,929799902.2,1018977280,1016500069,1037916163,927214151.8,1005887539,1208953287,1197515569,1072154434,1149858070,1131555107,1068025016,1086170704,1169136716,1558759823,1822499769,1849802648,2013106930,2249811296,2499092314,2529963903,2503167187,2684461375,2609678486,2684946990,2842065708,2499113023,2707139544,2851613679,3055782146,2997309972,3089625554,3293578468,3152334772
Grenada,GDP (current US$),236357523.7,267327642.2,278098763,300757888.9,310160444.4,309812185.2,325111814.8,342172518.5,366911444.4,392190592.6,445903592.6,482009370.4,520044370.4,520444185.2,540336925.9,591018407.4,599118592.6,695555555.6,698700666.7,758683592.6,825976037,771275555.6,771014814.8,778655555.6,799881481.5,842618518.5,911496296.3,997007407.4,1061640741,1125685185,1166514815,1213485185,1043411111,1122800000,1231732104
Guatemala,GDP (current US$),7841602824,8410724361,7650196845,9406135143,10440781588,11400017301,12983233311,14655404433,15674835615,17790026222,19395491993,18318412251,19288929030,18405220247,20444205991,21576351799,23577298095,26783389294,29744246827,33567850824,38503720224,37126148265,40676578423,46876006272,49593929487,52996446180,57852152955,62186064758,66053403364,71653754107,73328365862,77172317259,77719464221,86455519687,95641441235
Guinea,GDP (current US$),3476480303,3546079263,3888320666,4396178694,4789220417,4781166117,4932800407,5385704166,5641243100,5516916163,5232118046,5046806783,4367458867,4125527603,4301608753,5025167975,5300767961,4282468637,4220019845,6281918226,6964179983,6716905340,6853467146,6785137203,7638044557,8376613539,8778473373,8794201743,8595955222,10324668271,11857030367,13442861496,14088693743,17069115738,19910452542
Guinea-Bissau,GDP (current US$),427514321.5,554072302.8,634187269.2,668470890.8,588309271.3,615779518.8,612502084.8,660195402,702965147.6,698107222.4,591034143.4,579365780.1,391345597.5,412610871.5,466773711.2,553614800.1,582169841.3,639776040.7,634781901.3,753162998,952667544,890167833.4,940112538.9,1157074319,1049412177,1109682824,1135250721,1152384167,1245074264,1469978606,1554133594,1588767976,1683619352,1878659687,1839048748
Guyana,GDP (current US$),413799990,379779389.7,396582263.3,348533094.8,373573141.5,454101382.5,540874934.2,621626785.9,705406001.4,749138009.6,717530683.2,694754988.3,712667896.7,712167450.2,726131434.7,743063950.3,787814379.2,824880550.3,2379817991,2730971595,3025187433,3165663153,3432912517,3691384318,4063088536,4167800929,4127660152,4279840194,4482697337,4748174334,4787636998,5173760192,5471256595,8041362110,14718388489
Honduras,GDP (current US$),5902717091,5432344902,4923009552,4648668479,4943700431,4926728933,4642280682,5347445005,5215028987,5737099650,6366340266,6414520530,7186638029,7651162302,7858255413,8230391347,8869299234,9757012697,10917477066,12361257681,13881731876,14587496229,15839344592,17710275685,18528554398,18499729215,19756533972,20979791685,21717604952,23136247991,24067750760,24882225742,23352232484,28144331507,31426041807
"Hong Kong, China",GDP (current US$),59707404561,68790219178,76928784621,88959997900,1.04273E+11,1.20354E+11,1.35812E+11,1.44652E+11,1.59718E+11,1.77353E+11,1.68885E+11,1.65768E+11,1.71669E+11,1.69404E+11,1.66349E+11,1.61386E+11,1.691E+11,1.81569E+11,1.93535E+11,2.11597E+11,2.19279E+11,2.14048E+11,2.28639E+11,2.48514E+11,2.62629E+11,2.75697E+11,2.9146E+11,3.09386E+11,3.2086E+11,3.41273E+11,3.61731E+11,3.63075E+11,3.44943E+11,3.68954E+11,3.5868E+11
Hungary,GDP (current US$),29799838597,30422508938,34478360679,34867307353,38857339125,40256233360,43307949890,46577614589,46833767124,47398564799,48784412624,49160204397,47275954429,53800068066,67636468625,85190469121,1.04015E+11,1.13098E+11,1.15604E+11,1.40123E+11,1.58228E+11,1.30807E+11,1.31899E+11,1.41713E+11,1.2847E+11,1.35646E+11,1.41129E+11,1.25244E+11,1.28984E+11,1.43335E+11,1.61185E+11,1.64937E+11,1.58468E+11,1.83283E+11,1.77537E+11
Iceland,GDP (current US$),6106635816,5672569449,6468736356,6909730288,7080981738,6218581532,6389460343,7123633418,7426082271,7569672925,8503746468,8982047590,9025660362,8234846805,9318395055,11429333038,13825302536,16852963067,17465318552,21652505597,18074622987,13154414219,13751161918,15221622926,14751508134,16125060515,17867662178,17517210519,20793168031,24728285177,26260850582,24681343649,21629953194,25770339317,28696453180
India,GDP (current US$),2.9659E+11,2.96042E+11,3.20979E+11,2.70105E+11,2.88208E+11,2.79296E+11,3.27275E+11,3.60282E+11,3.92897E+11,4.15868E+11,4.21351E+11,4.58821E+11,4.68396E+11,4.8544E+11,5.14939E+11,6.07701E+11,7.09153E+11,8.20384E+11,9.4026E+11,1.21674E+12,1.1989E+12,1.34189E+12,1.67562E+12,1.82305E+12,1.82764E+12,1.85672E+12,2.03913E+12,2.10359E+12,2.2948E+12,2.65147E+12,2.70293E+12,2.83561E+12,2.67485E+12,3.16727E+12,3.34611E+12
Indonesia,GDP (current US$),84300174486,94451427877,1.06141E+11,1.16622E+11,1.28027E+11,1.58007E+11,1.76892E+11,2.02132E+11,2.2737E+11,2.15749E+11,95445547873,1.40001E+11,1.65021E+11,1.60447E+11,1.95661E+11,2.34772E+11,2.56837E+11,2.85869E+11,3.64571E+11,4.32217E+11,5.10229E+11,5.3958E+11,7.55094E+11,8.92969E+11,9.1787E+11,9.12524E+11,8.90815E+11,8.60854E+11,9.31877E+11,1.01562E+12,1.04227E+12,1.1191E+12,1.05905E+12,1.18651E+12,1.3191E+12
"Iran, Islamic Rep.",GDP (current US$),1.23058E+11,1.20496E+11,1.24813E+11,1.31638E+11,1.19769E+11,63743623231,71841461172,96419225745,1.20404E+11,1.13919E+11,1.10277E+11,1.13848E+11,1.09592E+11,1.26879E+11,1.28627E+11,1.51911E+11,1.87755E+11,2.2497E+11,2.65602E+11,3.49737E+11,4.06071E+11,4.14059E+11,4.8707E+11,6.29082E+11,6.44019E+11,5.004E+11,4.62285E+11,4.09192E+11,4.59043E+11,4.89169E+11,3.9888E+11,3.33519E+11,2.62186E+11,3.83436E+11,3.94363E+11
Iraq,GDP (current US$),62684516129,65831935484,1.80408E+11,407796349.7,553671957.7,1031944881,3991349283,12894029888,10433698621,20764857056,20617405044,36881601584,48364250944,36176430129,32928454672,21921569479,36633669269,50065104668,65147051918,88837057320,1.31614E+11,1.11658E+11,1.38517E+11,1.8575E+11,2.18002E+11,2.34638E+11,2.28416E+11,1.66774E+11,1.66744E+11,1.87218E+11,2.27367E+11,2.33636E+11,1.80899E+11,2.09692E+11,2.87372E+11
Ireland,GDP (current US$),37772897421,39238392678,49305632408,49787502852,55918538121,52417477614,57097656066,69139823232,75790785030,82856648758,90199410116,98893958263,1.00208E+11,1.09347E+11,1.28596E+11,1.64671E+11,1.94372E+11,2.11877E+11,2.32181E+11,2.70079E+11,2.75447E+11,2.36443E+11,2.21986E+11,2.41337E+11,2.27271E+11,2.43302E+11,2.66787E+11,3.02391E+11,3.05733E+11,3.48532E+11,3.95461E+11,4.07125E+11,4.36556E+11,5.31307E+11,5.4857E+11
Israel,GDP (current US$),52650948910,52443479454,62016729541,70998755007,79457685757,79855877174,90740103829,1.05497E+11,1.15117E+11,1.1946E+11,1.20547E+11,1.21417E+11,1.36512E+11,1.35002E+11,1.25332E+11,1.31409E+11,1.40048E+11,1.4752E+11,1.58901E+11,1.84681E+11,2.21232E+11,2.13403E+11,2.39679E+11,2.68095E+11,2.63589E+11,2.98478E+11,3.15017E+11,3.03469E+11,3.21941E+11,3.58452E+11,3.76299E+11,4.00645E+11,4.10768E+11,4.89852E+11,5.25181E+11
Italy,GDP (current US$),8.93664E+11,9.30802E+11,1.18395E+12,1.24909E+12,1.3232E+12,1.06741E+12,1.10175E+12,1.17737E+12,1.31478E+12,1.24499E+12,1.27273E+12,1.255E+12,1.14966E+12,1.17204E+12,1.28175E+12,1.58293E+12,1.81281E+12,1.86498E+12,1.95856E+12,2.22252E+12,2.41751E+12,2.20948E+12,2.14494E+12,2.30697E+12,2.09793E+12,2.15323E+12,2.17326E+12,1.84543E+12,1.88711E+12,1.97072E+12,2.09944E+12,2.01961E+12,1.90748E+12,2.17921E+12,2.10407E+12
Jamaica,GDP (current US$),3828342820,4404937853,4592208087,4106207649,3535460090,5440075676,5452558947,6577520643,7393891921,8400041724,8787195622,8887057997,9005064475,9194727831,9719009495,9430234811,10174664854,11243865778,11930179090,12799600047,13709401520,12120458115,13220549908,14444661522,14807086556,14264205153,13899217680,14188936918,14077096677,14808985133,15730792876,15830766531,13812421836,14657586159,17097760687
Japan,GDP (current US$),3.12572E+12,3.10946E+12,3.1859E+12,3.64807E+12,3.9807E+12,4.53694E+12,4.9988E+12,5.54556E+12,4.92339E+12,4.49245E+12,4.09836E+12,4.63598E+12,4.96836E+12,4.37471E+12,4.18285E+12,4.51956E+12,4.89312E+12,4.83147E+12,4.60166E+12,4.57975E+12,5.10668E+12,5.28949E+12,5.75907E+12,6.23315E+12,6.27236E+12,5.21233E+12,4.89699E+12,4.44493E+12,5.00368E+12,4.93084E+12,5.04088E+12,5.11799E+12,5.05407E+12,5.03915E+12,4.26246E+12
Jordan,GDP (current US$),6277451829,4221373674,4160087508,4344467193,5310833194,5606400222,6236295978,6727597032,6927503526,7245839210,7912270804,8149929478,8460789845,8975814653,9582510578,10195627645,11411706629,12588998590,15056981664,17110437236,22658715989,24537876056,27133804225,29524149155,31634561690,34454440141,36847643521,38587017887,39892551127,41608435915,43370860704,44503006338,43700383099,46296100141,48764963380
Kazakhstan,GDP (current US$),,,26932016270,24923076923,24917355372,23409260880,21250792886,20374302652,21035357937,22165932063,22135245507,16870817182,18291990662,22152689180,24636598527,30833692900,43151647003,57123671734,81003864630,1.0485E+11,1.33442E+11,1.15309E+11,1.48047E+11,1.92626E+11,2.07999E+11,2.36635E+11,2.21416E+11,1.84388E+11,1.37278E+11,1.66806E+11,1.7934E+11,1.81667E+11,1.71082E+11,1.97112E+11,2.25496E+11
Kenya,GDP (current US$),8355380879,8283114514,8572359038,8151488783,8209120763,5751786643,7148148564,9046320255,12045865396,13115764358,14093998844,12896010459,12705350098,12986007426,13147736899,14904517650,16095337094,18737895513,25825512284,31958195182,35895153328,42347217913,45405615064,46869473151,56396704672,61671440408,68285796514,70120446897,74815144164,82036510877,92202979985,1.00378E+11,1.00658E+11,1.09704E+11,1.14449E+11
Kiribati,GDP (current US$),38278810.32,37645319.2,36534294.8,41247791.64,61491369.28,58953595.91,67055333.9,68596394.6,81456854.14,80205806.83,74905705.89,77323978.19,74910527.26,64935850.16,74743869.13,96105619.38,104085892.1,113895437.3,112338353.3,138054945.6,147017895,140177384.1,165458433.1,195970140.2,207001545.9,201730860.8,200287282,191559398.7,206467818.5,222875736.3,233514717.4,216985388.3,220897998.7,285259894,270040457
"Korea, Rep.",GDP (current US$),1.99591E+11,2.46929E+11,2.83366E+11,3.30647E+11,3.55525E+11,3.92666E+11,4.6362E+11,5.66581E+11,6.10167E+11,5.69755E+11,3.83332E+11,4.97514E+11,5.76179E+11,5.47656E+11,6.27247E+11,7.02715E+11,7.93176E+11,9.34901E+11,1.05322E+12,1.17261E+12,1.04734E+12,9.43942E+11,1.14367E+12,1.25329E+12,1.27805E+12,1.37063E+12,1.48449E+12,1.46604E+12,1.49968E+12,1.62307E+12,1.72537E+12,1.65142E+12,1.64431E+12,1.81843E+12,1.67392E+12
Kuwait,GDP (current US$),20690322153,24313855653,18427777778,11009993703,19858555215,23941391391,24848483838,27186980647,31492373309,30350190704,25943705784,30122365849,37718743480,34889559870,38135788414,47874582232,59439090601,80798630137,1.01557E+11,1.14634E+11,1.4738E+11,1.05969E+11,1.15416E+11,1.54039E+11,1.74048E+11,1.74168E+11,1.6265E+11,1.14586E+11,1.09407E+11,1.20688E+11,1.38646E+11,1.40856E+11,1.11045E+11,1.48351E+11,1.83502E+11
Kyrgyz Republic,GDP (current US$),,,2660202623,2542256424,2315346943,2026019253,1681780847,1661147035,1827570586,1767864036,1645963750,1249061487,1369688498,1525116370,1605643105,1919008090,2211534585,2460246766,2834168889,3802570553,5139958909,4690061381,4794361863,6197765984,6605142884,7335033801,7468102413,6678177512,6813095379,7702938379,8271106235,9371275264,8270468614,9249133946,12134931018
Lao PDR,GDP (current US$),598961269.3,714046821.1,865559879.4,1028087972,1127806945,1327748690,1543606345,1763536305,1873671550,1747011857,1280177839,1454430642,1731198022,1768619058,1758176653,2023324407,2366398120,2735558735,3455030061,4223152739,5446433157,5836137330,7131771015,8750104617,10192846339,11983252627,13279245886,14426380126,15912501723,17071155481,18141641090,18740561513,18981805250,18827148531,15468785204
Latvia,GDP (current US$),,,,,,,,5608208785,5799465288,6349481007,6974112951,7324192890,7761252607,8190888740,9249030241,11244337720,13827070379,16306935905,20434922247,29420499248,34135200994,25691530442,23468324572,26575547901,27116149949,29152128168,30277203767,26344565877,27117105060,29391059767,33247935477,33099503951,33379927435,38183326785,38014713596
Lebanon,GDP (current US$),3313540068,2717998688,2838485354,4690415093,5843579161,7941744492,9599127050,11718795529,13690217334,15751867489,17247179006,17391056369,17260364842,17649751244,19152238806,20082918740,21159827992,21497336499,22022709851,24827355015,29118916105,35399582929,38443907042,39927125962,44016799516,46880103081,48095213747,49929337837,51147308774,53027680686,54901519156,51605959131,31712128254,23131941557,20992421949
Lesotho,GDP (current US$),470395800.6,495409232.6,596410263.7,704325366.7,831029861.7,835582062.5,878250945.3,1001894000,946112492.8,998004258.7,928460893.1,912773681.1,887291687.9,825706961.2,775777238.6,1157825435,1511236656,1682343527,1800092564,1682131785,1766902709,1740894965,2234754242,2579409620,2477702216,2367112932,2441063054,2359686725,2114426452,2306741672,2556247292,2390702296,2053699870,2412130022,2354980884
Liberia,GDP (current US$),1038300000,786300000,384400000,348000000,223500000,160400000,132200000,134800000,159400000,295900000,359600000,441800000,874000000,906000000,927000000,748000000,897000000,949000000,1119000000,1373000000,1726000000,1768000000,1998000000,2398000000,2791614000,3177198100,3225652000,3227075700,3398419600,3390703400,3422754800,3319596500,3176126300,3513049500,4001047000
Libya,GDP (current US$),24308959591,25156707899,28904183602,31991821265,33887047909,30660051911,28610549763,25541379187,27884615385,30700897875,27251301398,35975860857,38270954138,34112093927,20481889764,26265625000,33122307692,47334691241,60094231607,68032978391,86710767415,60808562033,75380825062,48169263294,92540938129,75351107029,57372355592,48717501321,49912073701,67157452182,76686029772,69254496472,46854285441,35217995647,43246297922
Lithuania,GDP (current US$),,,,,,,,7921210340,8430207164,10168271903,11289161847,11022095814,11550695727,12260761329,14282292665,18809197970,22743164431,26105207115,30116192747,39729151615,47831254208,37494380039,36638128534,43186501863,42709372067,46303660422,48306546657,41540954817,42970749245,47756764508,54261795149,55122066226,57412038533,67037321009,71033884500
Luxembourg,GDP (current US$),9418167855,10037674038,12778792854,13834219728,15518702635,15925521222,17701798891,20853093870,20895314658,19563836265,20150053345,21899317599,21230182989,21387533703,23649833332,29667268248,35064843793,37672280120,42910146296,51587401416,58844277702,54467289898,56213985987,61696281326,59776383527,65203276467,68804811898,60071584216,62216885436,65712180343,71085623495,69872035114,73670782100,86386759695,80801680397
Macao,GDP (current US$),2288761823,2705665492,3246481233,3765249711,4914365189,5665606115,6311207780,7046147737,7176892950,7267570893,6797792190,6547670439,6774193548,6860272608,7371692774,8246479566,10643253553,12160056122,14874098692,18439981612,21027018333,21587786906,28241798492,36845888757,43189721377,51536595089,54902831794,45048190598,45070808689,50383871121,55190661340,55082293844,25343525936,30969334705,24999113476
Madagascar,GDP (current US$),3189456965,3175638333,3931334875,3254713056,3714966678,4063298919,3522227092,3838100904,4931861039,4262965420,4401967633,4277903780,4629247204,5438332602,5351701663,6372498890,5064732626,5859269753,6395712491,8524620890,10725137724,9616879409,9982711338,11551819618,11578975062,12423555455,12522957399,11323020701,11848613858,13176313594,13760033282,14104664679,13051441204,14354731964,15325603273
Malawi,GDP (current US$),2008189508,2314205130,2737087862,3206783830,2618837835,3013392658,1719864761,2033701498,3319573750,3875785863,2547609590,2584478924,2537307580,2498008665,5087328438,4669789300,5058726350,5320409651,5818279739,6451210219,7743617352,9009887947,10128323011,11648142958,8773203178,8031571928,8801326169,9219474379,7909868618,8943543794,9879231592,11051865580,11769313598,12378129751,12429060151
Malaysia,GDP (current US$),35272109220,38847965293,44024585240,49143148094,59167550163,66894966969,74478356958,88705342903,1.00855E+11,1.00005E+11,72167498981,79148421053,93789736842,92783947368,1.00846E+11,1.10202E+11,1.24749E+11,1.43534E+11,1.62692E+11,1.9355E+11,2.30812E+11,2.02257E+11,2.55018E+11,2.97952E+11,3.14443E+11,3.23276E+11,3.38066E+11,3.01355E+11,3.01256E+11,3.19109E+11,3.58789E+11,3.65178E+11,3.37456E+11,3.73785E+11,4.07606E+11
Maldives,GDP (current US$),168514513.4,189514434.2,215043969.9,244396761.9,284875809,322417837.2,356014932.1,398988955,450382328,508223602.4,540096397.6,589239753.6,624337145.3,870031676.8,897031250,1052121055,1226829563,1163362438,1575200391,1868383461,2271646188,2345294875,2588176055,2774350240,2886163997,3295009238,3697353039,4129505319,4409942624,4816426257,5404344163,5726094799,3712604583,5252457370,6177118114
Mali,GDP (current US$),2169040603,2181821909,2681912149,2724131458,2830673378,2818281085,2081846498,2706425157,2780422049,2697105824,2920358711,3440724710,2961484954,3468337942,3908121307,4714071980,7113132070,8009875052,8858863053,10289243720,12262134441,12592138109,13196527458,15506843902,14891957623,15769357573,16943434591,15583181170,16743796800,18308362040,20368015381,20477421885,20698560939,22999245263,22374051350
Malta,GDP (current US$),2019503068,2118655677,2547328748,2750216747,3021942759,2709193538,2998505428,3709360097,3822489746,3787070704,4010092091,4111891845,4036809865,4070867153,4455127398,5418315225,6104141501,6393234965,6749838862,7908412374,9135419490,8734745632,9097044182,9789361705,9609532106,10796782634,11888032862,11340795033,12025782885,14161366733,16153779511,16337793531,16409900599,19723563355,19239187084
Mauritania,GDP (current US$),1414951290,1450647019,1506914408,2133692697,2164298426,1847353211,1944876755,2091726101,2132087009,2071996564,2032347665,1985922776,1779520886,1746063558,1777057481,2051147607,2362501023,2936019526,3919577286,4346212355,5206437194,4714595548,5628878798,6764627746,6728208836,7223071097,6592537782,6166863897,6398747592,6800135898,7473550557,7894764886,8260752385,9222536364,9557966698
Mauritius,GDP (current US$),2163252449,2211312823,2689212760,2895354736,3267677814,3307302126,3606050873,4094741652,4481489762,4243755308,4225813976,4402193196,4726108622,4675755867,4906494249,5894873920,6667418752,6576108447,7028810681,8150150209,9990356674,9128843109,10003670690,11518413430,11668696397,12292974141,13074129952,12007291046,12594155464,13713506131,14735695931,14436346980,11408106446,11484348858,12907767790
Mexico,GDP (current US$),1.81611E+11,2.21403E+11,2.61254E+11,3.1314E+11,3.63158E+11,5.30161E+11,5.53618E+11,3.80157E+11,4.32158E+11,5.2345E+11,5.57461E+11,6.31249E+11,7.42061E+11,7.96065E+11,8.10666E+11,7.6555E+11,8.19459E+11,9.17572E+11,1.02027E+12,1.10236E+12,1.16155E+12,9.43437E+11,1.10542E+12,1.22901E+12,1.25511E+12,1.32744E+12,1.36451E+12,1.21329E+12,1.11223E+12,1.19072E+12,1.2563E+12,1.30411E+12,1.12106E+12,1.31657E+12,1.46646E+12
"Micronesia, Fed. Sts.",GDP (current US$),124700000,135200000,147200000,166200000,178100000,198400000,202500000,221575300,218534700,206626300,218873100,220140500,233271800,240970900,242517200,245432900,240236000,250281900,253541900,256787200,263145100,280284600,296944100,311301600,327248700,317214400,319271200,316489900,325000000,359000000,392000000,394000000,372902690,391601947,415956896.5
Moldova,GDP (current US$),,,3592857043,3094565871,2319243436,2371813324,1702314268,1752999371,1695122174,1930081169,1698717505,1170782957,1288429392,1480673594,1661818168,1980907435,2598249556,2988342907,3408255451,4401173152,6054824248,5439434272,6974982370,8414352020,8709138635,9496717876,9402090138,7797667197,7980917076,9514404016,11252353421,11736797055,11530746234,13691869264,14525337524
Mongolia,GDP (current US$),3204461567,3576966800,2560785660,2379018326,1317611864,768401634.2,925817092.2,1452165005,1345719472,1180934203,1124440205,1057408589,1136896124,1267997934,1396555720,1595297356,1992066808,2523471601,3414055662,4234999704,5623216608,4583850368,7189481999,10409797378,12292770632,12582122604,12226514668,11619892591,11181350649,11480847741,13178094720,14206359018,13312981429,15286441738,17146471714
Morocco,GDP (current US$),25705296184,26314313191,30179954775,32285573574,33711069431,31655473664,35604137423,39030285468,43161571528,39147844526,46497608725,46266428648,43017455402,43831480208,47077192188,58029363354,66114145451,68852658069,75883823301,86947913287,1.01823E+11,1.01155E+11,1.00865E+11,1.10081E+11,1.06937E+11,1.15739E+11,1.19131E+11,1.10414E+11,1.11573E+11,1.18541E+11,1.27341E+11,1.2892E+11,1.21354E+11,1.42022E+11,1.30952E+11
Mozambique,GDP (current US$),,,,3854856435,2798696511,2883161897,2958108170,3061646174,4030146135,4873663775,5551118149,6285219691,5930685215,5650154067,5950769427,6583526861,7937255565,8868504900,9509835537,10811456006,12920340965,12263894790,11411894724,14619279989,16688114144,17198073057,17978246586,16208985770,12069051237,13264640646,15017358953,15512759047,14235420174,16168055475,18883528581
Myanmar,GDP (current US$),1541088312,2013448229,2115193513,2069832687,2411552289,3163020035,4432257174,5289174943,6123556717,4722288496,6459461639,8486832801,8905066164,6477790688,6777632512,10467109978,10567354056,11986972419,14502553710,20182477481,31862554102,36906181381,49540813342,59977326086,59937796648,60269732855,65531374200,59607290408,63298361996,66053040483,67860515990,75065106228,79006113643,66345291160,62253049892
Namibia,GDP (current US$),2495094746,2535135798,2789921854,2996869282,3429521699,3251188833,3666503530,3978514206,3989163197,4154989950,3873109866,3868551730,3922232165,3557341215,3349169826,4926439384,6609205995,7248374838,8001779551,8839536476,8607431497,8938847189,11431412421,12523359441,13042053592,12043307277,12435430970,11335161084,10722018732,12895153371,13682019076,12541928303,10583748542,12402486184,12569449123
Nepal,GDP (current US$),3487009748,3525225787,3627560240,3921476085,3401211581,3660041667,4066775510,4401104418,4521580382,4918691917,4856255044,5033642384,5494252208,6007055042,6050875807,6330473097,7273938315,8130258378,9043715356,10325618017,12545438605,12854985464,16002656434,21573872421,21703100877,22162204925,22731612922,24360801287,24524109484,28971588940,33111525237,34186180699,33433659301,36924841394,41182939601
Netherlands,GDP (current US$),2.62296E+11,2.58717E+11,3.18799E+11,3.27982E+11,3.63497E+11,3.5407E+11,3.79688E+11,4.52967E+11,4.51373E+11,4.17506E+11,4.38613E+11,4.47779E+11,4.17649E+11,4.32536E+11,4.7553E+11,5.82436E+11,6.61225E+11,6.88134E+11,7.37594E+11,8.53499E+11,9.57902E+11,8.78954E+11,8.52465E+11,9.13141E+11,8.45689E+11,8.83952E+11,9.01557E+11,7.75744E+11,7.97164E+11,8.48234E+11,9.29734E+11,9.28903E+11,9.32561E+11,1.05447E+12,1.04654E+12
New Caledonia,GDP (current US$),2072775508,2185082939,2529440424,2653780672,2923883281,2822243781,3038728385,3628440505,3606968436,3291131281,3556304833,3647802050,3420032041,3297734891,3740056748,4915353827,5895008978,6238629487,6979155388,8819917180,9067619760,8704438102,9364350077,10351448005,9659151917,10151382933,10635035595,8738203074,8724568955,9174048682,9896402284,9475655325,9454629468,10071349664,9623318718
New Zealand,GDP (current US$),45176811594,43920222525,45495129385,42745329732,41649829860,46775620817,55314732279,63918703507,70140835299,66075143415,56227169851,58762260626,52623281957,53872425917,66627729311,88250885550,1.03905E+11,1.1472E+11,1.11539E+11,1.37189E+11,1.33437E+11,1.21663E+11,1.46888E+11,1.68485E+11,1.76561E+11,1.91012E+11,2.01518E+11,1.78224E+11,1.891E+11,2.06746E+11,2.11986E+11,2.13006E+11,2.1303E+11,2.53978E+11,2.4951E+11
Nicaragua,GDP (current US$),2630900096,1013184756,1009455484,1488804124,1792800000,1756454248,3863185119,4140470000,4308351903,4389973490,4635347386,4856026259,5109587050,5351752034,5223727303,5322228351,5792932838,6321324279,6763672381,7423375015,8496967597,8298702489,8758602233,9774329333,10532017232,10982988249,11880438824,12756696261,13286093388,13785893007,13025221974,12699023614,12726422432,14209020362,15634572502
Niger,GDP (current US$),2280356193,2179567114,3512356508,3285796875,3386232579,3052673849,1938058175,2302537562,2405686940,2290318910,2643363519,2537789821,2241753193,2448714704,2782192879,3394084732,3760443738,4383315965,4756361252,5731485052,7297600226,7352131310,7851192502,8772950778,9426912648,10224897438,10862943544,9683867926,10398861982,11185104252,12837307497,12889555561,13744653103,14915002436,15433852714
Nigeria,GDP (current US$),49648470440,44003061108,54035795388,59526833412,52058181854,56721051402,80399613064,1.4092E+11,1.8573E+11,2.0085E+11,2.18416E+11,59145077039,69171451627,73557840064,95054059303,1.04739E+11,1.35765E+11,1.75671E+11,2.38455E+11,2.78261E+11,3.39476E+11,2.95009E+11,3.6699E+11,4.14467E+11,4.63971E+11,5.20117E+11,5.74184E+11,4.93027E+11,4.04649E+11,3.75746E+11,4.21739E+11,4.74517E+11,4.32199E+11,4.40834E+11,4.77403E+11
North Macedonia,GDP (current US$),,,4699646643,4938775510,2436849342,2682456897,3559608640,4707041315,4642021256,3912986091,3765745023,3863619285,3772859034,3709636031,4018365747,4946296599,5682784472,6258602873,6861226972,8336474974,9909552435,9401736825,9407170321,10494626768,9745261301,10817702346,11362265253,10064519963,10672467073,11307067070,12683068114,12606338449,12361036914,14000283827,13932436550
Norway,GDP (current US$),1.019E+11,1.02634E+11,1.19792E+11,1.21872E+11,1.30838E+11,1.20579E+11,1.27131E+11,1.5203E+11,1.6352E+11,1.61357E+11,1.5423E+11,1.62384E+11,1.71457E+11,1.74239E+11,1.95915E+11,2.29385E+11,2.65269E+11,3.09979E+11,3.46915E+11,4.02643E+11,4.64918E+11,3.87976E+11,4.31052E+11,5.01361E+11,5.12777E+11,5.26014E+11,5.01736E+11,3.8816E+11,3.70957E+11,4.01745E+11,4.39789E+11,4.08743E+11,3.67633E+11,5.03368E+11,5.96298E+11
Occ.Pal.Terr,GDP (current US$),,,,,,,2843300000,3282800000,3409600000,3759800000,4067800000,4271200000,4313600000,4003700000,3555800000,3968000000,4603100000,5125700000,5348300000,5815700000,7310400000,8085700000,9681500000,11186100000,12208400000,13515500000,13989700000,13972400000,15405400000,16128000000,16276600000,17133500000,15531700000,18109000000,19165500000
Oman,GDP (current US$),8386215865,9372171652,13310273082,12918335501,14183615085,14230429129,14715214564,15722236671,17402080624,18039791938,16044213264,17832769831,22259557867,22205721717,23065539662,24733680104,28378933680,35506892068,42577633290,48300390117,69804681404,55454096229,64993498049,77497529259,87408842653,89936020806,92699089727,78710793238,75128738622,80856697009,91505851756,88060858257,75909492848,87323797139,1.09853E+11
Pakistan,GDP (current US$),38472742808,40171106279,40010423970,45625336680,48884671947,51809999353,52293470813,60636071684,63320170084,62433340468,62191955814,62973857069,99484802345,97145618480,97923302809,1.12372E+11,1.32216E+11,1.45209E+11,1.61871E+11,1.84141E+11,2.02204E+11,1.87338E+11,1.9671E+11,2.30587E+11,2.50107E+11,2.58657E+11,2.7139E+11,2.99964E+11,3.1363E+11,3.39206E+11,3.56128E+11,3.20909E+11,3.00426E+11,3.48517E+11,3.7489E+11
Palau,GDP (current US$),75348615,85800543,97702303,106555300,104771300,96455700,106138500,121018500,137494600,143860800,149079600,144206500,149535800,159453500,162665500,154559900,166391600,191048400,193679700,200903600,201167300,189998000,188174300,198873900,215762400,225345700,243156500,278824800,298323500,285600000,288546300,281941600,258990800,235752900,255591100
Panama,GDP (current US$),5902783400,5918469800,6433967000,7074675500,8042337700,8782585400,9365289800,9573813700,9197503300,10058854400,11019557700,11660704800,11966497000,12252906300,12800851300,13603456000,15100203400,16623906700,18659721500,21717433800,25721328000,27791215500,30231009500,35687738300,41595439700,46949496500,51427104900,55767806100,59760858700,64327688800,67316471200,69778991200,57059846500,67396392500,76276116700
Papua New Guinea,GDP (current US$),3656177881,3546472566,3219729083,3787394958,4377980510,4974550286,5502786070,4636057476,5155311077,4936615299,3789443015,3477038204,3521339699,3081024212,2999511040,3536411824,3927157867,4865892972,8354911041,9545028944,11670892801,11619456449,14250786675,17985138066,21295168666,21261338065,23210823987,21723437010,20758876953,22742699138,24109780708,24750626030,23848447850,26109413521,31653185953
Paraguay,GDP (current US$),4255683528,4757732200,5812114523,6984367763,7157424031,7249533620,7870982005,9062131475,9788391781,9965225678,9260481572,8837070236,8855705140,8495806432,7196260657,7691367471,9624440836,10737500188,13429430050,17856393235,24615267664,22355151162,27260886405,33756238767,33271921136,38501122141,40377929296,36211447840,36089700223,38997129474,40225448341,37925338329,35432178068,39950899939,41952910858
Peru,GDP (current US$),15439408447,22499558526,26410386963,34341465998,35966302303,34832077221,44882079767,53312793687,55252414130,58147522523,55501467877,50187324568,51744749133,52030158775,54777553515,58731030122,66768703498,76060606061,88643193062,1.02171E+11,1.20551E+11,1.20823E+11,1.47528E+11,1.71762E+11,1.9265E+11,2.01176E+11,2.00786E+11,1.89803E+11,1.91898E+11,2.11008E+11,2.22597E+11,2.28346E+11,2.0141E+11,2.26329E+11,2.46066E+11
Philippines,GDP (current US$),43152128959,48513773721,50508286642,51784144943,60422328242,62036529147,73159336915,84644328727,94648084429,94106317565,74492416330,85640171045,83669788377,78921234458,84307345888,87039092974,95001999685,1.0742E+11,1.27653E+11,1.5598E+11,1.81625E+11,1.75975E+11,2.08369E+11,2.34217E+11,2.61921E+11,2.83903E+11,2.97484E+11,3.06446E+11,3.18627E+11,3.28481E+11,3.46842E+11,3.76823E+11,3.61751E+11,3.94087E+11,4.04353E+11
Poland,GDP (current US$),,,65977748211,85500935935,94337050693,96043157273,1.10804E+11,1.42839E+11,1.60813E+11,1.59894E+11,1.75282E+11,1.70704E+11,1.72954E+11,1.91823E+11,1.99694E+11,2.18561E+11,2.56269E+11,3.07E+11,3.45898E+11,4.29715E+11,5.35612E+11,4.40891E+11,4.78112E+11,5.27849E+11,4.98149E+11,5.1818E+11,5.42134E+11,4.80054E+11,4.7326E+11,5.28357E+11,5.94617E+11,6.02684E+11,6.05914E+11,6.8917E+11,6.95608E+11
Portugal,GDP (current US$),56347250696,60594092182,78713860217,89233599278,1.07592E+11,95009751901,99688641304,1.18122E+11,1.2263E+11,1.17017E+11,1.23946E+11,1.2747E+11,1.18605E+11,1.21604E+11,1.34796E+11,1.65226E+11,1.89382E+11,1.97254E+11,2.08756E+11,2.40496E+11,2.63416E+11,2.44668E+11,2.38444E+11,2.45427E+11,2.16537E+11,2.26677E+11,2.30079E+11,1.99039E+11,2.06305E+11,2.20863E+11,2.42093E+11,2.40116E+11,2.29619E+11,2.56056E+11,2.56899E+11
Qatar,GDP (current US$),6038187033,6487912088,7360439423,6883516484,7646153984,7156593654,7374450769,8137911978,9059340385,11297802115,10255495027,12393131868,17759890110,17538461538,19363736264,23533791209,31734065934,44530494505,60882142857,79712087912,1.1527E+11,97798351648,1.25122E+11,1.67775E+11,1.86834E+11,1.98728E+11,2.06225E+11,1.6174E+11,1.51732E+11,1.61099E+11,1.83335E+11,1.76371E+11,1.44411E+11,1.79732E+11,2.35709E+11
Russian Federation,GDP (current US$),5.54829E+11,5.06631E+11,5.17014E+11,5.17963E+11,4.60291E+11,4.35084E+11,3.95077E+11,3.95537E+11,3.91725E+11,4.04929E+11,2.70955E+11,1.95907E+11,2.5971E+11,3.06602E+11,3.4547E+11,4.30347E+11,5.91017E+11,7.64016E+11,9.89932E+11,1.2997E+12,1.66085E+12,1.22265E+12,1.52492E+12,2.04592E+12,2.20829E+12,2.29247E+12,2.05924E+12,1.36348E+12,1.27679E+12,1.5742E+12,1.65733E+12,1.69312E+12,1.49308E+12,1.82919E+12,2.29161E+12
Rwanda,GDP (current US$),2395492687,2405022593,2550185679,1911600237,2029026962,1971525712,753636370.5,1293535194,1382334879,1851558197,1989343546,2157108263,2068836754,1966600715,1966003468,2138237279,2376496067,2933819766,3319784539,4070507895,5179854065,5674476969,6124756654,6884913658,7654761045,7819964024,8238966120,8543760206,8695272061,9252833894,9637904519,10349300277,10174386855,11078787095,13316161006
Samoa,GDP (current US$),133016065.4,122888609.7,125766269.8,125597205.4,132303041.4,133122897.2,221098106.5,224865731.4,249907868.8,285475591.9,269485244.2,255408060.3,258856139.8,266299591.5,281790134.2,333426188.4,407747565.1,476801793.2,499923757.8,573548459.8,641346191.7,628006115.4,680260907.2,744097050.2,773141661.2,797736334.3,796683519.6,824150498.7,843924796.7,884844384.5,878448433.4,912950466.1,868898358.3,843923638.7,832945205.6
Sao Tome and Principe,GDP (current US$),99000764.39,98545367.04,119297932.8,107484142.7,94861780.62,125742228.8,131338414.6,103695236.8,135188165.8,91920274.24,72285403.84,77302211.93,76198394.82,75951133.38,85171073.88,102085769.1,114582283.9,136450662.4,142775104.1,149146918.9,188021165,200668065,190021192.5,226455001.2,229371348.2,267041747.6,293119143.2,259999643,292267272.2,322002845.2,383717327.8,412976082.6,471229484.6,524402455.5,540809499.2
Saudi Arabia,GDP (current US$),88256074766,95344459279,1.1763E+11,1.32223E+11,1.37088E+11,1.32968E+11,1.35175E+11,1.43343E+11,1.58662E+11,1.65964E+11,1.46775E+11,1.61717E+11,1.89515E+11,1.84138E+11,1.89606E+11,2.15808E+11,2.58742E+11,3.2846E+11,3.769E+11,4.15965E+11,5.19797E+11,4.29098E+11,5.28207E+11,6.80661E+11,7.51921E+11,7.69756E+11,7.87153E+11,6.93414E+11,6.89279E+11,7.41266E+11,8.86565E+11,8.8889E+11,7.67951E+11,9.82661E+11,1.23908E+12
Senegal,GDP (current US$),6418419389,6366039373,7390967360,7255210470,7769817840,7367986241,5034588196,6326342633,6559712166,6041478726,6505607909,6592834933,6013185004,6507824829,7006402320,8768721563,10076816667,11009033438,11697918243,13994218413,16853989628,16145867495,16121315909,17814283639,17660870412,18918667725,19797253440,17774766696,19040312333,20996562944,23116701556,23403995992,24530513038,27520784130,27783332223
Seychelles,GDP (current US$),301985618.1,324333366.5,392163560.9,398307169.9,461409398.9,504230620.6,517570058.2,540733047.7,535250347.1,598966982.4,647287375.8,662838614.9,654212394.3,662064155.9,742134837.5,750847230.1,893012218.2,977899381.8,1081441283,1077308814,979597394.3,850901620.4,981616542.3,1058918707,1089407839,1333160407,1387577870,1432403352,1568513348,1675370641,1784313927,1868690097,1382551752,1487173795,2018346589
Sierra Leone,GDP (current US$),1055083933,932974420.3,649644097.6,779981987.1,679940814,768867883,911853802.4,870740291.5,941709422.5,850232760,672368187.1,669386624,635866403.8,1681473894,1933863911,2142618046,2237350687,2545275313,3263697467,3632957611,4157895298,3953403098,4262805967,4861632885,6141666509,7502762863,7686138791,6788352975,6084297211,5749846528,6390514689,6526183564,6693888876,7173379137,7124465160
Singapore,GDP (current US$),25371462488,30465364739,36144336769,45466164978,52131320033,60603815716,73688724431,87812540788,96293086513,1.00124E+11,85728207782,86286849755,96076539926,89793790670,92538372870,97646401096,1.15034E+11,1.27808E+11,1.48627E+11,1.80942E+11,1.93617E+11,1.9415E+11,2.39808E+11,2.79356E+11,2.95093E+11,3.07576E+11,3.14864E+11,3.07999E+11,3.19646E+11,3.43673E+11,3.77124E+11,3.76162E+11,3.49166E+11,4.36591E+11,5.09018E+11
Slovak Republic,GDP (current US$),,,12915046978,14459924589,15699327209,16737973764,20428139756,26180022222,28197790875,27844628979,29976207629,30496272225,29215726005,30726659551,35243658399,46616149117,57215475076,62547753148,70751813443,86587749518,1.0083E+11,89342984698,91112160801,99705104723,94724394278,99134277850,1.01713E+11,89178548717,90347173229,95978130735,1.06612E+11,1.05843E+11,1.07733E+11,1.20561E+11,1.15884E+11
Slovenia,GDP (current US$),,,19832029087,14454495059,14277261541,14449298372,16400767070,21367422159,21470699363,20726878752,22058635314,22609669084,20159190702,20668868707,23214593516,29360575032,34156553313,35947936824,39260368837,47880266543,55509332322,49975540955,47793117241,51199194599,46167053954,47867056859,49514466380,42709468275,44290685824,48153200135,53689067640,53909922736,53384760135,61529280461,59927702746
Solomon Islands,GDP (current US$),176494394,172882410.6,214877666.9,227540473.3,269034595.8,300746361.1,402837005.3,469443201.5,510586430.2,526554006,457579840.2,488024514.4,419842674.2,409508553,346406738.9,417668983.4,468005318.6,552864570.2,617258154.3,695295347.6,776337691.8,805557562.6,898133684.9,1063895361,1185215418,1285911586,1335571421,1307909888,1379490304,1469789119,1615478393,1619155017,1536145814,1522794913,1566360686
South Africa,GDP (current US$),1.03977E+11,1.08056E+11,1.26048E+11,1.35204E+11,1.46956E+11,1.47195E+11,1.53513E+11,1.71736E+11,1.63235E+11,1.68978E+11,1.52983E+11,1.51517E+11,1.51753E+11,1.3543E+11,1.29088E+11,1.97019E+11,2.55807E+11,2.88867E+11,3.03859E+11,3.33077E+11,3.16131E+11,3.29754E+11,4.17364E+11,4.58199E+11,4.34401E+11,4.00886E+11,3.81199E+11,3.4671E+11,3.23586E+11,3.81449E+11,4.05261E+11,3.8933E+11,3.37975E+11,4.20887E+11,4.0692E+11
Spain,GDP (current US$),3.75892E+11,4.14461E+11,5.36175E+11,5.76754E+11,6.30465E+11,5.24701E+11,5.30184E+11,6.1417E+11,6.42251E+11,5.8974E+11,6.18731E+11,6.34395E+11,5.98103E+11,6.27799E+11,7.08938E+11,9.07963E+11,1.06983E+12,1.15467E+12,1.26185E+12,1.47675E+12,1.63612E+12,1.49659E+12,1.42799E+12,1.48757E+12,1.33099E+12,1.36219E+12,1.38024E+12,1.20616E+12,1.24302E+12,1.32175E+12,1.43164E+12,1.4035E+12,1.28978E+12,1.46124E+12,1.4465E+12
Sri Lanka,GDP (current US$),6978371581,6987267684,8032551173,9000362582,9703011636,10338679636,11717604209,13029697561,13897738375,15091913884,15794972847,15656327860,16330814180,15749753805,16536535647,18881765437,20662525941,24405791045,28279802406,32350238760,40713826215,42066224093,58636161082,67753284044,70447216891,77000578167,82528535714,85090301052,88000211172,94369350286,94450015983,88998706297,84335574582,88556698938,74143020263
St. Kitts and Nevis,GDP (current US$),172692592.6,192518518.5,217259259.3,220540740.7,242137037,263755555.6,295159259.3,313485185.2,333944444.4,374641308,383257331.4,406595484.4,421695769.8,458643829,481077373.7,469869869.9,506900000,547203703.7,644414814.8,689285185.2,777692592.6,774274074.1,778718518.5,836092592.6,824585185.2,874548148.1,952111111.1,957222222.2,1006818519,1056977778,1076548148,1107855556,883922222.2,858622222.2,980188888.9
St. Lucia,GDP (current US$),429629629.6,486666666.7,579629629.6,613703703.7,674074074.1,684814814.8,713703703.7,762962963,788888888.9,805925925.9,877407407.4,921851851.9,932592592.6,892592592.6,900000000,987407407.4,1066666667,1135555556,1268319185,1336088815,1437731111,1401507889,1482385185,1568370370,1598207407,1660392593,1749185185,1807640741,1868544444,1998503704,2060955556,2095344444,1499274074,1867185185,2342714815
St. Vincent and the Grenadines,GDP (current US$),200726712.6,214745002.2,240366666.7,254829629.6,277955555.6,286307407.4,289437037,316007407.4,331488888.9,347770370.4,373618518.5,390718518.5,427946037,462072333.3,487763851.9,509090888.9,549900185.2,579948925.9,643501148.1,713596666.7,732663259.3,714300259.3,720447888.9,713796370.4,730032592.6,764781259.3,770900000,786555555.6,814303703.7,844040740.7,884329629.6,910481481.5,864566666.7,888677777.8,989188888.9
Suriname,GDP (current US$),1161000000,542600000,388400000,448100000,404600000,428764705.9,605492537.3,691590497.7,861372806.2,926422500,1110850000,886290697.7,947671969.7,834279357.8,1093574468,1274190311,1484092538,1793410397,2626380435,2936612022,3532969035,3875409836,4368370998,4422276622,4980000000,5145757576,5240606061,5126237646,3317421648,3591679431,3996198867,4016040575,2911807496,3107923198,3791603200
Sweden,GDP (current US$),2.06689E+11,2.17635E+11,2.6147E+11,2.73835E+11,2.83912E+11,2.12647E+11,2.28702E+11,2.67053E+11,2.91952E+11,2.68252E+11,2.7089E+11,2.7432E+11,2.62905E+11,2.42499E+11,2.67373E+11,3.34074E+11,3.84547E+11,3.9169E+11,4.2253E+11,4.9005E+11,5.14617E+11,4.34314E+11,4.92753E+11,5.70541E+11,5.49742E+11,5.84128E+11,5.7773E+11,5.01698E+11,5.14218E+11,5.36084E+11,5.51312E+11,5.32169E+11,5.45148E+11,6.37187E+11,5.79896E+11
Switzerland,GDP (current US$),2.15541E+11,2.08106E+11,2.65764E+11,2.68902E+11,2.79921E+11,2.72238E+11,3.01375E+11,3.52836E+11,3.40104E+11,2.94788E+11,3.03459E+11,2.97874E+11,2.79216E+11,2.86583E+11,3.09301E+11,3.62075E+11,4.03913E+11,4.18285E+11,4.41635E+11,4.90741E+11,5.67268E+11,5.54213E+11,5.98851E+11,7.15888E+11,6.8642E+11,7.06235E+11,7.26538E+11,6.94118E+11,6.87895E+11,6.95201E+11,7.25569E+11,7.21369E+11,7.41999E+11,8.15309E+11,8.28509E+11
Syrian Arab Republic,GDP (current US$),10577041645,9853395762,12308624418,12981833333,13253565861,13695962055,10122020000,11396706587,13789560878,14505233463,15200846154,15873875969,18937052543,20237024725,20669357462,21828144686,25086950495,28858965517,33751788856,40465318382,52557913569,54111735629,61390830875,67539428159,43190318033,21361254635,21502061466,16466863117,12597854877,16369843352,21497782868,22583045060,12047752036,14353205678,23622827080
Tajikistan,GDP (current US$),,,2629395066,2536585366,1908554572,1646623195,1522001206,1231561860,1043654822,921518032.9,1320199582,1086612290,860541842.3,1080772551,1221106220,1555318261,2076176869,2312352021,2830213849,3719524541,5161299725,4979472364,5642221099,6522756255,7633036903,8448411318,9112605459,8271431485,6992416097,7536402853,7764999999,8300813599,8133963551,8937805347,10713525200
Tanzania,GDP (current US$),7406614408,6418799007,6184384225,7197768159,6681997469,6182872708,6550480484,7631431841,9433528150,11158197942,12172790056,12704334196,13371767082,13563990022,14129651896,15211487709,16673062473,18395383647,18619859795,21860434823,27947821398,29400573554,32012892919,34657140096,39650394363,45648857242,49986726461,47413919817,49774409374,53274884533,57003712892,61026731926,66068737786,70655628148,75769974505
Thailand,GDP (current US$),61667253471,72250748100,85343190719,98234714971,1.11453E+11,1.28889E+11,1.46684E+11,1.69279E+11,1.83035E+11,1.5018E+11,1.13676E+11,1.26669E+11,1.26392E+11,1.20296E+11,1.34301E+11,1.52281E+11,1.72896E+11,1.89318E+11,2.21758E+11,2.62943E+11,2.91383E+11,2.81711E+11,3.41105E+11,3.70819E+11,3.97558E+11,4.20334E+11,4.07339E+11,4.01296E+11,4.13366E+11,4.56357E+11,5.06754E+11,5.43977E+11,5.00462E+11,5.06195E+11,4.95645E+11
Togo,GDP (current US$),1947208354,1910635575,2299665506,2262767860,2390796916,1741944426,1387662122,1849110468,2069506015,2116818623,2241650112,2226577204,2106848752,2093498674,2410199032,2987984051,3191561509,3221910408,3320907722,3759964943,4578849658,4721890900,4746389532,5422442166,5413544658,6021732977,6393318262,5755461035,6071170959,6387422518,7029300383,6992700101,7400284168,8342243646,8169476149
Tonga,GDP (current US$),106657267.4,106344855,113563821.6,132201141.5,137066290.6,138489884.4,195990986.2,208871665.8,222100576.4,214991452.3,191504892.8,199208717.5,204848487.8,181117230.4,182764280.8,202246591.2,230678011.4,261823805.4,292232703.3,298519623.3,344438844.3,312415028.4,366887375,414143828.5,471122971.3,451788498.3,440997734.9,437525538.9,420828254.5,459976847.1,489714529.8,494197854,496856303.9,518228028.7,518180029.4
Trinidad and Tobago,GDP (current US$),4496910569,4323058824,5068000000,5307905882,5439552941,4669491134,4947181646,5329217747,5759570336,5737771523,6043686654,6808982521,8154342116,8824849191,9008298229,11305459802,13280291990,15982389018,18369361094,21641620050,27871587350,19172165226,22157920592,25433007437,27147349937,28560536917,29474180442,26841143095,23624333664,23847765529,23888910152,23588037787,20991339707,24177305760,28510328245
Tunisia,GDP (current US$),10096245762,10101851745,12290568182,13074782609,15496708060,14608335608,15633174304,18030876599,19587161807,20746210354,21802893587,22943202175,21473528161,22065832449,23141616605,27453902261,31183885241,32272186695,34376664601,38915353867,44859439902,43455740497,46206091938,48123325825,47311401813,48685446414,50271812921,45779494042,44360072680,42163530591,42686504460,41905642419,42491780918,47073234359,44948769171
Turkey,GDP (current US$),90875175809,1.07127E+11,1.50656E+11,1.51035E+11,1.59105E+11,1.80416E+11,1.3065E+11,1.6932E+11,1.81464E+11,1.89878E+11,2.75942E+11,2.56396E+11,2.74295E+11,2.01753E+11,2.40249E+11,3.14596E+11,4.08865E+11,5.06315E+11,5.57076E+11,6.81321E+11,7.70449E+11,6.49289E+11,7.76967E+11,8.38785E+11,8.80556E+11,9.57799E+11,9.38935E+11,8.64314E+11,8.69683E+11,8.58988E+11,7.78972E+11,7.61006E+11,7.20338E+11,8.19865E+11,9.07118E+11
Turkmenistan,GDP (current US$),3010982414,3006988217,3189539641,3208098919,3200539816,3179225949,2561118608,2482228440,2378759975,2450350625,2605689135,2450564100,2904663311,3534772732,4462029109,5977440583,6838351088,8103901996,10276674365,12664165103,19271523179,20214385965,22583157895,29233333333,35164210526,39197543860,43524210526,35799714286,36169428571,37926285714,40765428571,45232857143,45818000000,50007428571,58972000000
Turks and Caicos Isl.,GDP (current US$),,,,,,,,,,,,,,358744800,366707900,409753600,485598800,578645800,721891500,773490000,862684000,703176000,686788000,728790000,727161000,754238000,841700000,942070000,1032452000,1022365000,1314329000,1371838000,918387000,1236459000,1434119000
Tuvalu,GDP (current US$),7011059.371,8454523.247,9542900.901,10127313.91,10535028.14,10414399.96,11772610.66,11922614.2,13338597.33,13734210.1,13795146.21,14800503.26,15073975.53,13964732.33,16842672.6,19456338.03,22798274.98,22909979.82,24096875.46,28450168.69,31874434.86,28076983.97,32105408.48,39196957.49,39345579.47,38615890.63,38760982.65,36811936.08,41629064.22,45276595.35,48015259.88,54123198.57,51746594.31,60196405.71,59065982.09
Uganda,GDP (current US$),6508931652,5276480799,4304399310,3321729160,2857457762,3220439044,3990430447,5755818843,6044585327,6269333313,6584815847,5998563258,6193246837,5840503869,6178563591,6606884275,7939487548,9239221763,9977647683,11902564495,14440404132,25127805567,26673441431,27871725241,27305915911,28915786517,32612397257,32387183730,29203988696,30744473841,32927025620,35353061008,37600368240,40529788744,45565333216
Ukraine,GDP (current US$),74703517903,82709161099,81393558423,77350733982,73945908384,65648559903,52549580265,48213856469,44558831005,50151531592,41882523345,31580639554,32375083935,39309580983,43956163612,52010355753,67220154164,89238865119,1.11885E+11,1.48734E+11,1.8811E+11,1.21552E+11,1.41209E+11,1.69334E+11,1.82592E+11,1.90499E+11,1.33504E+11,91030967789,93355869404,1.12091E+11,1.30891E+11,1.53883E+11,1.56618E+11,1.99766E+11,1.6199E+11
United Arab Emirates,GDP (current US$),36275674203,41464995914,50701443748,51552165622,54239171888,55625170253,59305093980,65743666576,73571233996,78839008445,75674336283,84445473111,1.04337E+11,1.03312E+11,1.09816E+11,1.24346E+11,1.47824E+11,1.80617E+11,2.22117E+11,2.57916E+11,3.15475E+11,2.53547E+11,3.00189E+11,3.60833E+11,3.8461E+11,4.00219E+11,4.14105E+11,3.70275E+11,3.69255E+11,3.90517E+11,4.27049E+11,4.1799E+11,3.49473E+11,4.15179E+11,5.02732E+11
United Kingdom,GDP (current US$),9.10123E+11,9.26885E+11,1.09317E+12,1.1428E+12,1.17966E+12,1.06139E+12,1.14049E+12,1.34424E+12,1.41965E+12,1.56091E+12,1.65369E+12,1.68783E+12,1.66553E+12,1.64983E+12,1.78573E+12,2.05442E+12,2.42153E+12,2.54318E+12,2.70844E+12,3.09051E+12,2.92941E+12,2.41284E+12,2.48548E+12,2.66381E+12,2.70709E+12,2.78485E+12,3.06471E+12,2.92791E+12,2.68911E+12,2.68015E+12,2.87134E+12,2.85141E+12,2.69678E+12,3.14332E+12,3.11404E+12
United States,GDP (current US$),5.23644E+12,5.64158E+12,5.96314E+12,6.15813E+12,6.52033E+12,6.85856E+12,7.28724E+12,7.63975E+12,8.07312E+12,8.57755E+12,9.06282E+12,9.63117E+12,1.0251E+13,1.05819E+13,1.09291E+13,1.14565E+13,1.22172E+13,1.30392E+13,1.38156E+13,1.44742E+13,1.47699E+13,1.44781E+13,1.5049E+13,1.55997E+13,1.6254E+13,1.68807E+13,1.76081E+13,1.8295E+13,1.88049E+13,1.96121E+13,2.06565E+13,2.154E+13,2.13541E+13,2.36812E+13,2.60069E+13
Uruguay,GDP (current US$),8213538369,8438951476,9298807850,11206176651,12878148791,15002136971,17474588896,19297663097,20515458114,23969739234,25385886978,23983945191,22823270892,20898761742,13606515723,12045638352,13686329890,17362857684,19741420740,23797773024,31119602539,32708319078,41950361212,50342406067,54232266359,61337621934,61496186974,57680327999,57480787465,65005997963,65344577416,62222313619,53559359262,60739084241,70594110920
Uzbekistan,GDP (current US$),10722799639,11948815258,13362340338,13800167712,12953801760,13099920056,12899074922,13350461265,13948892216,14744603774,14988971211,17078465982,13760513969,11401421329,9687788513,10134453435,12030023548,14307509839,17330833853,22311393928,29549438884,33689223673,49765676402,60178909297,67517349212,73180037915,80845385809,86196264755,86138288644,69703222283,58695899092,67293639798,66443265418,77340060003,90095926567
Vanuatu,GDP (current US$),158351368.4,154013202.1,168879207.2,201334169.1,209088824.6,200491853.2,233701301.5,249333250.1,261370044.5,272771209.1,262293410.7,268006972.7,272014627.8,257926881.7,262596535.5,314471413,364996869.1,394962433,439358586.5,516392922.5,590748429.4,592622319.1,670712979.7,770153588.2,747839697.7,758304466.2,773717010.5,759690181,804323576.9,880043284.4,914727908.1,936526267.6,909421043.5,982362211.9,1030654208
Venezuela,GDP (current US$),60226413793,43536709104,48606952195,53453444787,60416519620,60037460783,58418666667,77389487770,70543211119,85837678560,91336763255,97972842462,1.17146E+11,1.22911E+11,92893587734,83620628582,1.12451E+11,1.45513E+11,1.83478E+11,2.30364E+11,3.15953E+11,3.29788E+11,3.93192E+11,3.16482E+11,3.81286E+11,3.71005E+11,4.82359E+11,,,,,,,,
Vietnam,GDP (current US$),25423812649,6293304975,6471740806,9613369520,9866990236,13180953598,16286433533,20736164459,24657470575,26843700442,27209602050,28683659007,31172518403,32685198809,35064105501,39552513232,45427854693,57633255738,66371664817,77414425532,99130304099,1.06015E+11,1.47201E+11,1.72595E+11,1.95591E+11,2.13709E+11,2.33451E+11,2.39258E+11,2.57096E+11,2.81354E+11,3.10106E+11,3.34365E+11,3.46616E+11,3.66475E+11,4.13445E+11
Yemen,GDP (current US$),,,12643821569,14665445462,17959367194,21736802664,28019483764,12796345679,6496163616,6838298531,6322175566,7639325296,9679316770,9852990693,10693430511,11777532662,13867634371,16731566717,19063143370,21650528674,26910855807,25130278213,30906749533,32726417878,35401331609,40415233436,43228585321,42444490074,31317825274,26842229045,21606160663,,,,
Zambia,GDP (current US$),3728878149,3994673161,3288381797,3376806697,3182810841,3273505344,3656806166,3806983413,3597220962,4303288480,3537741942,3404284891,3600632111,4094441301,4193850445,4901869764,6221110219,8331870169,12756858899,14056957976,17910858638,15328342304,20265559484,23459515276,25503060420,28037239463,27141023558,21251216799,20958412538,25873601261,26311507274,23308667781,18137764931,22096416932,29163782140
Zimbabwe,GDP (current US$),7814784729,8286323367,8783817407,8641482396,6751472744,6563813829,6890675555,7111271273,8553147289,8529572287,6401968716,6858013652,6689958139,6777385246,6342116911,5727592261,5805598867,5755215663,5443896938,5291950526,4415703156,9665815601,12041602762,14101801031,17114762914,19091004042,19495547523,19963058858,20548759858,51074726484,34156057417,25715657177,26868564055,27240507842,32789657378