Reporter Name,Partner Name,Trade Flow,Product Group,Indicator,1988,1989,1990,1991,1992,1993,1994,1995,1996,1997,1998,1999,2000,2001,2002,2003,2004,2005,2006,2007,2008,2009,2010,2011,2012,2013,2014,2015,2016,2017,2018,2019,2020,2021,2022
Afghanistan, World,Import,  All Products,AHS Weighted Average (%),,,,,,,,,,,,,,,,,,,,,4.998220496,,,,5.474349075,5.474349075,,,,,5.627902457,,,,
Albania, World,Import,  All Products,AHS Weighted Average (%),,,,,,,,,,14.41172618,,,11.65207275,11.28083536,8.34560807,8.168406728,7.337261448,7.108814532,6.607231404,5.721158856,2.083888527,4.903908855,4.871445647,1.236789633,1.102267456,1.174491273,1.137434543,1.105205551,1.059023602,0.851714604,1.017478625,1.017478625,1.103696086,1.129391108,0.22824372
Algeria, World,Import,  All Products,AHS Weighted Average (%),,,,,,15.44094089,,,,16.92663645,17.25977704,,,15.16061542,12.99305217,11.97114569,,10.22522507,9.931624916,9.627678514,9.195490094,9.361407063,12.14729403,,,,8.351526492,8.274637857,8.852635604,9.379156409,,,,,
Angola, World,Import,  All Products,AHS Weighted Average (%),,,,,,,,,,,,,,,,,6.162609417,7.084666661,7.084666661,,9.165561359,9.149432329,9.232147476,8.359603326,7.605537095,7.522487045,10.29924187,9.383298197,9.379806516,7.770918242,7.680441837,6.519359275,9.233434776,11.33184851,8.851875415
Antigua and Barbuda, World,Import,  All Products,AHS Weighted Average (%),,,,,,,,,,,,20.30108155,15.38794046,,,,,12.17525462,11.72908387,13.56626973,,14.80299593,11.55941063,11.55941063,11.99761053,14.51070904,9.948276082,12.03352209,11.8753322,12.71593662,14.89385941,13.07249817,13.07249817,13.07249817,
Argentina, World,Import,  All Products,AHS Weighted Average (%),,,,,,12.53088357,,8.343798368,13.3268214,13.92851764,15.66742526,11.28783312,10.51924172,9.245740642,12.01338084,12.87379757,5.960138778,5.218348603,5.491173299,5.829580539,5.386475779,5.929926915,5.991948573,5.675683151,6.015493937,6.274821774,6.626655398,7.345068729,7.533329552,7.934623355,7.415004281,7.259393159,6.875389169,6.505762043,6.449004169
Armenia, World,Import,  All Products,AHS Weighted Average (%),,,,,,,,,,,,,,2.431135452,,2.26503786,2.40790389,2.275164736,1.937054055,2.418605402,2.26867409,2.68694908,2.796567344,3.075486101,2.405788929,2.229225694,2.389059608,2.929875016,2.1304385,2.217306264,,4.089890349,3.106203518,3.610818356,
Aruba, World,Import,  All Products,AHS Weighted Average (%),,,,,,,,,,,,,,,,,,,,,,,,9.9681454,9.518090925,9.69445209,,10.01850092,10.15830485,10.29854226,10.14913456,12.12078052,,9.660332448,
Australia, World,Import,  All Products,AHS Weighted Average (%),,,,18.56317303,,9.749194812,,,6.809230555,6.823238312,6.490103842,6.095333095,5.827702316,4.795427077,3.689701629,3.73573442,3.693014137,3.068468308,3.379440538,3.447243331,3.153997968,3.672577144,2.803818548,1.773046202,1.813415808,1.841920289,1.910976915,1.9030303,1.181247836,0.894543925,0.863904018,0.772975346,0.712769184,0.811965386,1.016898525
Austria, World,Import,  All Products,AHS Weighted Average (%),,,,,,,,,,,,,2.521986643,3.170670569,2.466249804,2.330717022,2.139332213,2.543826992,2.3650606,2.263398569,1.72842807,1.745770214,1.992299883,1.438612968,1.364091746,1.447401437,1.999294834,2.049864431,2.063932081,1.994114873,1.945164779,2.190367604,1.971434392,1.610162275,1.424877708
Azerbaijan, World,Import,  All Products,AHS Weighted Average (%),,,,,,,,,,,,,,,6.752631918,,,6.09259762,,4.036472511,3.855295217,4.40233327,,4.064860066,4.760374949,4.740526679,5.226646,5.189608973,,,,11.98376294,5.932679458,6.016795071,5.451596924
"Bahamas, The", World,Import,  All Products,AHS Weighted Average (%),,,,,,,,,,,,28.58325953,,,25.02379918,,,,23.87274183,,,,20.2192802,19.45631604,,19.77664064,19.70620018,18.66090442,18.56402043,,17.04578276,,,,17.41447223
Bahrain, World,Import,  All Products,AHS Weighted Average (%),,,,,,,,,,,,,10.3602068,8.511485137,5.792245676,5.761023235,5.774417484,5.139744089,4.959627716,4.477493663,4.225617975,4.612726698,5.154671434,3.15125868,3.15125868,3.757783296,2.92813786,3.295243589,3.125002933,7.825012141,4.279404528,3.504255626,2.016745776,2.085583487,3.711169716
Bangladesh, World,Import,  All Products,AHS Weighted Average (%),,88.434173,,,,,,,,,22.13940571,,18.10483992,17.87937701,18.3105471,19.05994803,15.79946243,22.70472429,21.62292378,9.230809819,7.713031507,10.71007328,9.939475904,9.625906238,12.83912088,12.09292571,,11.82304642,,,,,,,
Barbados, World,Import,  All Products,AHS Weighted Average (%),,,,,,,,,,,,22.7668892,21.01327104,20.34164575,20.78107571,21.44620887,15.48004541,19.55259594,12.66036587,14.78796912,,,15.7735749,13.15096034,8.424247581,14.20907517,14.22392162,,,,,,11.82249387,12.2391511,14.57930568
Belarus, World,Import,  All Products,AHS Weighted Average (%),,,,,,,,,,,,,7.631917945,7.914379119,8.80469829,,,,,,2.746387371,2.788882463,2.625176504,2.342820415,2.474735058,2.963884678,2.385390124,1.965478239,1.818530827,1.51414042,1.654047995,2.82017184,1.761465128,2.265922987,
Belgium, World,Import,  All Products,AHS Weighted Average (%),,,,,,,,,,,,,2.940886409,3.657940575,3.258698667,3.438156111,2.50430984,3.086772044,2.759873538,2.554883999,2.182658476,2.30908045,2.552669839,1.80657499,1.868375,1.819629652,2.078209847,2.117853799,2.170453039,2.034774449,1.909451386,1.992563436,1.552779779,1.237302186,0.870826673
Belize, World,Import,  All Products,AHS Weighted Average (%),,,,,,,,,15.63194058,,,11.18786316,,10.71706164,11.65136553,11.35176102,12.28048142,11.16036257,9.566976048,9.2735308,8.958668565,11.68341265,11.72511349,8.46798127,8.164119815,10.04994546,10.04994546,10.03606975,10.52377162,10.38591082,11.07787784,11.17027831,18.69270146,17.79348101,18.24295564
Benin, World,Import,  All Products,AHS Weighted Average (%),,,,,,,,,,,,,,12.62492231,12.69647627,12.6931209,12.69535184,12.67882733,11.56917714,11.03486168,11.03486168,11.03486168,11.03486168,11.15133993,11.15133993,11.15134278,10.64455816,11.80681843,11.20499501,17.84367765,15.25304969,9.86275133,9.86275133,10.88928014,10.31595975
Bermuda, World,Import,  All Products,AHS Weighted Average (%),,,,,,,,,,,,,,,,,,,,18.75412632,18.98482983,18.67630397,18.60659392,17.06098103,17.44072229,17.22694819,15.27498121,18.66670639,18.7348609,20.85185959,27.5852167,103.1714846,24.07426023,23.83596509,30.262656
Bhutan, World,Import,  All Products,AHS Weighted Average (%),,,,,,,,,,,,,,,,,,21.50575897,,9.968624963,,,,,,,,,,,,,,,
Bolivia, World,Import,  All Products,AHS Weighted Average (%),,,,,,9.438706936,9.952716487,9.48574283,9.309265172,9.309265172,9.03689301,9.063314809,8.456031943,8.714802228,9.247307913,8.557929281,5.481296196,5.569268524,4.172704563,4.330404023,4.038199457,3.785879689,5.573359717,4.045335929,3.856425547,4.234678158,4.491709239,4.74911485,4.754228145,6.097741062,4.731763123,4.731763123,5.18301609,5.12197576,5.076378787
Bosnia and Herzegovina, World,Import,  All Products,AHS Weighted Average (%),,,,,,,,,,,,,,,,,,,8.878946756,6.364492216,5.964999041,3.653090199,3.042747248,2.562865602,2.423661658,2.393751781,2.582831463,1.219133618,1.233034115,2.534871019,2.76067005,17.88589647,2.856763518,2.798304189,4.093365558
Botswana, World,Import,  All Products,AHS Weighted Average (%),,,,,,,,,,,,,1.659957181,1.631784139,0.990094735,9.070272657,0.919225523,0.846867655,0.881667288,0.830342298,0.839503702,0.824791363,0.829003946,1.096063949,3.907548415,0.503424096,0.606175109,0.563674429,0.593520288,1.118231114,0.329812093,0.956890147,0.8024463,0.954854705,3.277069325
Brazil, World,Import,  All Products,AHS Weighted Average (%),,31.91914164,18.95028819,16.55546058,15.70514622,13.01722863,13.26339897,10.97170919,14.83437749,14.00228776,15.93542039,12.30954381,12.6885225,10.46547731,10.00649634,9.526058355,7.673129829,7.17163174,6.703654954,6.765501904,6.744038698,7.586713363,7.762087066,7.836995018,7.757557506,10.0804442,7.791236655,8.267015346,8.00799909,8.592818019,7.947757633,7.974789735,8.408400932,7.76483858,7.263914732
Brunei, World,Import,  All Products,AHS Weighted Average (%),,,,,4.427998495,,,,,11.25128357,11.25587748,,,10.88108062,10.7413716,11.89807052,6.123352514,,5.458619218,5.235614052,1.521313567,1.415769571,2.512722108,0.950447646,0.52667591,0.521835471,0.461292372,0.50269553,0.49788012,0.030816434,0.025497059,0.020957604,0.021071515,0.0170756,0.012218504
Bulgaria, World,Import,  All Products,AHS Weighted Average (%),,,,,,,,,,14.00998088,8.698239419,5.74499631,10.31062677,5.599078606,9.558691198,9.667032802,9.603398162,9.120112569,2.074149866,1.656532279,1.496826256,1.446226346,1.344808257,1.34584529,0.543182021,0.810389081,1.052360182,1.458164034,1.698795732,1.100330649,1.123171361,1.376580861,1.254310077,1.370120529,1.224341809
Burkina Faso, World,Import,  All Products,AHS Weighted Average (%),,,,,,,,,,,,,,11.15925667,11.45156078,11.29902678,11.38244141,11.02654791,8.731899866,8.769983208,8.769983208,8.769983208,8.699862198,8.477817551,8.415221964,8.415797877,7.919250659,6.862610368,6.9320048,9.077290679,7.788810147,5.835250526,7.14594325,7.300660346,7.520003534
Burundi, World,Import,  All Products,AHS Weighted Average (%),,,,,,,,,,,,,,,13.33742724,13.80400191,,21.10476857,17.49371717,12.28306112,10.71557314,13.84239028,7.995211931,6.833271805,6.988779768,5.389426373,5.991766321,6.130069812,5.913103228,,7.891748899,8.515746752,11.31246861,8.529181463,9.181132262
Cambodia, World,Import,  All Products,AHS Weighted Average (%),,,,,,,,,,,,,,16.42737779,16.18088313,16.2884078,,10.81109309,10.46140509,10.53034267,9.913060232,9.929838773,9.503967129,8.936853576,9.083886765,,4.853648866,,9.769556392,9.210131979,,6.219013426,6.213305083,5.369351317,2.099769045
Cameroon, World,Import,  All Products,AHS Weighted Average (%),,,,,,,,14.49041207,,,,,,13.48719841,13.89689278,14.26775478,14.26775478,14.4529723,13.80758394,13.01215706,13.00303717,11.58474122,13.00303717,12.65109601,11.7021628,12.9886352,12.70323956,,,,,15.4596038,,,18.33754026
Canada, World,Import,  All Products,AHS Weighted Average (%),,7.018914899,,,,3.592836828,,6.694155076,5.429328149,1.988450738,1.444284864,1.006376372,1.305688734,1.596224506,1.489320069,2.459301628,1.51021401,1.459446671,1.452683191,1.540870473,1.535955781,1.704988921,1.459019025,1.382041736,1.401228008,1.447135449,1.433732385,1.65210964,1.556859434,1.517800804,1.471272924,1.51363833,1.486836763,2.354619233,1.425606905
Cape Verde, World,Import,  All Products,AHS Weighted Average (%),,,,,,,,,,,,,,,,,12.25879319,13.75005787,13.18606485,12.2252622,12.2252622,11.930661,11.05340545,10.29932297,10.60075163,10.8869065,10.93232938,10.88656666,12.52226788,11.23724212,11.70074526,11.55267279,12.18426569,9.960210487,12.55988705
Cayman Islands, World,Import,  All Products,AHS Weighted Average (%),,,,,,,,,,,,,,,,,,,,,,,,,,,,,,,,,,20.39210167,
Central African Republic, World,Import,  All Products,AHS Weighted Average (%),,,,,,,,13.35728773,,13.43532924,,,,18.29815689,16.86271898,29.8573594,29.8573594,29.48746332,29.86546037,15.23082026,15.2264259,15.2264259,15.2264259,15.50796059,17.44072251,16.60778,,16.4359225,16.4359225,16.4359225,,,,,15.63914851
Chad, World,Import,  All Products,AHS Weighted Average (%),,,,,,,,14.5800679,,,,,,,,,,,,,,,,,,,,,,,,,,,
Chile, World,Import,  All Products,AHS Weighted Average (%),,,,,10.95096278,10.94453083,10.93425267,10.62613198,10.96824569,10.96824569,10.94337815,9.958257217,9,8,6.958131941,5.772906148,3.95183417,3.988538386,2.356322301,2.948608615,2.268618229,1.918938919,2.07741527,1.976155519,1.784722477,5.893790582,5.81235456,0.638193487,5.885998836,0.489163313,0.485304769,0.428408742,0.43010287,0.429103713,0.462849351
China, World,Import,  All Products,AHS Weighted Average (%),,,,,32.17476594,30.2929558,27.92503485,,19.76445349,15.81593417,15.50496197,14.46489971,14.6721566,14.1074925,7.714878023,6.4820125,5.963647704,4.86656557,4.250932992,5.06589919,4.472624504,3.939502301,4.650011548,5.989479435,5.12122358,4.463579077,4.735425019,4.521898516,3.544459174,3.833481265,3.389163261,2.53280411,2.470745867,2.310405277,2.181217997
Colombia, World,Import,  All Products,AHS Weighted Average (%),,,,6.452630401,10.55276333,,11.63532915,11.90775933,11.18868693,11.31473121,11.1827207,10.68059724,10.96488712,10.82749375,11.2838653,11.05844751,9.769715197,9.622943209,8.748596592,8.819873707,8.718718503,8.230327276,9.016716107,5.512287003,4.434544005,4.507823094,4.212015511,6.538842386,6.975724124,4.397198381,3.284755146,2.924290101,2.401437401,2.578270975,2.83163951
Comoros, World,Import,  All Products,AHS Weighted Average (%),,,,,,,,,,,,,,,,,,,,,4.584896153,,6.060330077,6.060330087,6.190975728,6.481745233,7.411955385,5.043875866,274.0727953,10.43386618,7.03737628,4.244582254,4.578687421,4.336266172,
"Congo, Dem. Rep.", World,Import,  All Products,AHS Weighted Average (%),,,,,,,,,,,,,,,,,,,,,,,,,,,,9.016857479,9.136100051,,,10.82673206,8.398442771,,
"Congo, Rep.", World,Import,  All Products,AHS Weighted Average (%),,,,,,,16.34820244,,,,,,,,,,,,,15.43027237,15.40020285,15.40020285,15.40020285,15.40020285,9.72318102,15.85016133,15.77711135,11.54925288,,,,,,,18.87161052
Cook Islands, World,Import,  All Products,AHS Weighted Average (%),,,,,,,,,,,,,,,,,,,,,,,13.95459849,,,,,,,,,,,,
Costa Rica, World,Import,  All Products,AHS Weighted Average (%),,,,,,,,8.557878337,9.036618153,7.525662015,6.315460535,4.06620733,3.697024156,4.439896386,4.225615448,3.440130923,4.040410993,4.142094503,3.320450405,3.759431006,3.31243359,2.175158014,2.072284193,2.125272004,1.763583884,1.796049821,1.731811948,1.783202565,1.781141956,1.910699215,1.797166903,1.619715743,1.51377453,1.43299621,1.35859479
Cote d'Ivoire, World,Import,  All Products,AHS Weighted Average (%),,,,,,,,,4.100497021,,,,,7.222995186,9.687751132,9.606871437,8.544287994,7.606455979,7.294156663,6.561754066,6.561753791,7.477710243,7.138904915,6.950724017,6.592001767,6.591982913,6.325494832,7.998760144,8.157703609,10.28116011,10.17406451,7.691184507,7.630650682,7.630650682,7.252775754
Croatia, World,Import,  All Products,AHS Weighted Average (%),,,,,,,,,,,,,,4.505068837,4.762322968,2.549711445,1.267375327,1.161769754,1.105387426,1.127897052,1.123156435,1.310590218,1.340147737,1.338429116,1.440352452,1.383712399,2.628797663,2.873298649,2.98645221,1.981505211,1.458895592,2.138787846,1.728279179,1.484365352,1.232723461
Cuba, World,Import,  All Products,AHS Weighted Average (%),,,,,,,,,,,,8.781040917,8.454500514,9.152836509,8.792198373,9.006731167,7.781490049,7.259703674,9.24613966,,,,,,,,,,8.017600356,7.152679554,7.904925964,8.541820704,8.832035684,8.912306953,9.164119491
Cyprus, World,Import,  All Products,AHS Weighted Average (%),,,,,,,,,10.67237543,9.752606443,10.95436953,8.925157244,5.242446659,6.784199311,8.83108301,,6.144745825,4.398294191,3.669940882,3.544015051,3.581709898,3.193549971,3.180638239,2.344612789,1.999632855,2.218023417,2.24149381,2.148816924,2.506572345,2.271618427,1.903531392,2.756185635,2.266618264,2.178611948,1.776605321
Czech Republic, World,Import,  All Products,AHS Weighted Average (%),,,,,,,,,5.82558979,5.448268621,5.168328969,2.794976806,4.315876663,4.208388123,4.325660869,4.347833646,1.691155249,2.376837516,1.855521257,1.997591572,1.347348952,1.335803639,1.652078582,1.110242078,1.084701738,1.063798922,1.640063774,1.601912716,1.670231577,1.548900532,1.409124995,1.526940102,1.24759874,1.194193478,1.180661107
Denmark, World,Import,  All Products,AHS Weighted Average (%),,,,,,,,,,,,,4.262397821,4.43896232,2.922763043,2.880869997,2.645764715,3.241621389,3.10217045,3.183449477,2.369832829,2.274297107,3.354496876,2.627929398,2.151401033,1.925018193,2.674535025,2.852602889,2.770422361,2.537192518,2.41572969,2.631641821,2.333206992,2.080338093,2.021300833
Djibouti, World,Import,  All Products,AHS Weighted Average (%),,,,,,,,,,,,,,,,,,,,,,17.26710375,,,,,,,,,,,,,
Dominica, World,Import,  All Products,AHS Weighted Average (%),,,,,,,,,18.61157372,15.9768373,,15.95893467,13.81980743,13.50719846,14.81696839,14.1980914,13.86654855,12.77092484,7.775944273,7.852221774,,,11.10850282,,8.152849561,8.699945629,,,8.406453369,8.295590122,,,7.838993222,,
Dominican Republic, World,Import,  All Products,AHS Weighted Average (%),,,,,,,,,,,,,,8.105973691,9.204069115,8.910773219,8.924482007,9.178937027,8.332258131,4.45538417,5.713328227,6.802396263,4.32984135,6.291108795,6.197073888,6.366286501,6.935056819,6.038674648,4.595200269,4.20448793,4.204603362,8.884132671,3.90017766,3.802671599,3.97991102
East Timor, World,Import,  All Products,AHS Weighted Average (%),,,,,,,,,,,,,,,,,,,,,,,,,,2.5,,,,,,,2.528960423,2.529503188,
Ecuador, World,Import,  All Products,AHS Weighted Average (%),,,,,,8.145588317,11.47478278,11.04754339,10.94859039,10.39440983,10.7035286,11.11177345,9.577716727,11.16489989,10.66643909,9.896748074,8.948531353,8.692584638,6.156176585,5.903297458,5.142059981,4.496898964,6.109319659,4.199621083,4.342143059,8.150484051,5.08758697,6.379375352,6.810277579,7.034389412,7.354558096,8.106290966,6.21163428,4.626748762,5.186430961
"Egypt, Arab Rep.", World,Import,  All Products,AHS Weighted Average (%),,,,,,,,17.05230943,,,14.16643322,16.68444207,16.81926652,16.71639037,19.8923487,15.04287985,10.63449769,8.763490117,10.04719322,8.919613445,8.024207961,8.261510119,9.712455119,7.71084942,7.471964273,8.546159313,7.427069321,7.082742091,6.631834563,7.414817327,8.186852968,10.43048811,,,
El Salvador, World,Import,  All Products,AHS Weighted Average (%),,,,,,,,9.145073206,7.724722271,7.373027792,6.337529841,6.381137838,6.840420251,6.894040896,4.345707313,6.988300189,4.20014648,7.483698214,3.933334624,4.823445579,3.015133905,2.426163947,4.79037791,4.796446668,2.276877314,2.121576954,1.748926283,1.787900323,2.269108858,2.068807882,1.935750642,2.040782352,1.910723073,1.876290241,2.212969267
Estonia, World,Import,  All Products,AHS Weighted Average (%),,,,,,,,0.392044904,0.037532933,0.031233663,0,0,0.977247139,1.021289096,0.912676791,0.893047893,2.877734551,2.819051472,2.568428,2.885849396,2.539925406,2.15356931,2.059819386,1.914769773,1.677618066,1.983414288,2.84860782,2.821429173,2.738589551,2.702996951,2.530626278,2.676755649,2.249241188,1.949789436,1.857536379
Eswatini, World,Import,  All Products,AHS Weighted Average (%),,,,,,,,,,,,,0.976330417,2.595444634,8.771752587,10.17852366,10.44473201,9.441934558,8.668946015,8.321695943,5.950157386,9.528182998,5.051201004,9.028672655,5.46524196,0.524760043,0.57604053,0.988487782,1.176397694,0.661995915,1.483704084,2.37582377,2.269949519,2.139633121,4.218692967
Ethiopia(excludes Eritrea), World,Import,  All Products,AHS Weighted Average (%),,,,,,,,18.16232271,,,,,,12.10691026,13.4785377,,,,12.02731276,,10.0524908,10.35534972,10.24191144,10.48108921,9.96204924,,,12.14103856,,,12.12922293,,,12.6605416,
European Union, World,Import,  All Products,AHS Weighted Average (%),,,,,,,,,,,,,2.410779828,3.372222055,2.452782238,2.524344786,2.242314726,2.463410274,2.295379087,2.235819057,1.716448907,1.847820576,2.127831958,1.587811608,1.456361364,1.487501444,2.008132464,2.161253919,2.075640545,1.896732673,1.802213177,1.912059852,1.722169935,1.518019001,1.337385749
Fiji, World,Import,  All Products,AHS Weighted Average (%),,,,,,,,,,,,,,,,9.50715387,10.44569231,65.8915647,8.919130554,9.070645407,9.97397333,12.1474348,11.27824114,19.88481673,11.74768215,12.0230262,91.59389656,11.11876702,,16.04823766,16.33561379,23.96542568,16.6242623,8.350333248,
Finland, World,Import,  All Products,AHS Weighted Average (%),6.265109011,,6.373151472,,,,,,,,,,1.96085833,2.524816454,1.848765736,2.135843816,1.620329196,1.970773627,1.722239738,1.682365042,1.213448703,1.432873357,1.624757031,1.056639058,1.176182433,1.334757446,1.762836217,1.973519286,2.023973452,1.574217114,1.454520022,1.658585044,1.711407617,1.391697755,1.286729034
Fm Sudan, World,Import,  All Products,AHS Weighted Average (%),,,,,,,,,3.661573121,,,,,,17.02137875,,,,10.18537746,,8.217848438,15.01840163,12.89733776,11.94943752,,,,,,,,,,,
France, World,Import,  All Products,AHS Weighted Average (%),,,,,,,,,,,,,1.884740466,2.872135875,2.060842115,2.083031199,1.948531898,2.226704366,2.079205971,2.030293746,1.531329489,1.676914895,2.076437208,1.525319677,1.469958189,1.459373267,2.04537043,2.177366526,2.147248356,1.995716757,1.978336507,2.10990911,1.841371442,1.565868843,1.203268643
French Polynesia, World,Import,  All Products,AHS Weighted Average (%),,,,,,,,,,,,,,,,,,,,,3.931173054,4.36061488,,4.208964063,3.894884323,3.991478451,3.989482557,5.083129378,5.358838452,5.052923999,5.052923999,4.621491469,4.827169805,5.75087676,
Gabon, World,Import,  All Products,AHS Weighted Average (%),,,,,,,,,,,15.42651351,,14.58886612,16.14739639,14.72161727,16.77951918,16.77951918,16.29140193,14.76277835,14.24849456,14.45348408,14.7469541,14.9862994,15.10984881,15.17491845,14.3566219,11.44050285,14.54331762,16.93028386,,,14.49760321,,,16.57608057
"Gambia, The", World,Import,  All Products,AHS Weighted Average (%),,,,,,,,,,,,,,,,11.08571685,,,,14.72279012,14.77346824,13.45645679,12.02218046,12.49590474,12.49590474,12.65682641,,,,10.04484111,18.07571002,13.62367003,17.81723965,17.69333249,16.73933122
Georgia, World,Import,  All Products,AHS Weighted Average (%),,,,,,,,,,,,10.1235039,,9.67324696,10.6961901,9.443874694,9.427651816,8.213583174,4.320561655,0.545210225,0.570953841,0.499470902,0.482458666,0.809485085,0.704069899,0.656325768,0.389425384,0.303791383,0.666979025,0.267005107,0.234737594,0.206003979,0.210597513,0.344892818,0.416210891
Germany, World,Import,  All Products,AHS Weighted Average (%),,,,,,,,,,,,,2.256249358,2.989858385,2.277744515,2.268776231,1.874542488,2.157116789,2.021550394,2.05995833,1.581779772,1.64341975,2.009088792,1.52838529,1.477777226,1.472931475,2.024306448,2.1264876,2.053421103,1.930688054,1.797492472,1.934745612,1.684839823,1.429392184,1.440093647
Ghana, World,Import,  All Products,AHS Weighted Average (%),,,,,,,,,,,,,16.19623585,9.051703696,9.051703696,9.051703696,,,,8.961702361,8.576791913,9.920709401,10.05715516,8.984771232,9.176620877,9.960451085,,,10.78674119,10.60602134,10.34018581,10.02116591,,10.51142178,12.65311232
Greece, World,Import,  All Products,AHS Weighted Average (%),,,,,,,,,,,,,1.874608028,3.528252176,2.000265938,1.875904291,2.141139061,2.198880921,1.912492915,1.884084844,1.268636336,1.282429592,1.354891139,1.046602995,0.684001072,0.74942668,1.060438922,1.328836608,1.339384087,1.045598893,1.174076424,1.601057395,1.562950102,1.273155399,1.02697402
Grenada, World,Import,  All Products,AHS Weighted Average (%),,,,,,,,,18.57500949,,,16.19752621,11.31271314,15.81443036,12.0446831,11.43143081,,,8.745104299,9.500306012,9.361126014,12.90718204,7.816420321,11.23827806,12.05471094,11.1875096,12.75653507,11.92052657,12.40866249,,,10.78883748,,,10.0541112
Guatemala, World,Import,  All Products,AHS Weighted Average (%),,,,,,,,8.65984256,,6.802583565,6.983864112,5.936966144,,6.44398282,6.107965251,6.180257255,4.900917131,5.823894611,5.38546972,4.534978486,2.735465605,2.839040418,2.345009782,2.212431138,2.463411354,1.75318359,1.480227831,1.390265018,,,,,1.585342361,1.724671434,2.395286925
Guinea, World,Import,  All Products,AHS Weighted Average (%),,,,,,,,,,,5.965944589,,,,,,6.112540345,12.52957546,,,11.91463785,,,,,12.0148339,,,,,,,,,
Guinea-Bissau, World,Import,  All Products,AHS Weighted Average (%),,,,,,,,,,,,,,,,13.28370535,13.93506688,11.62233253,,,,,,,,,9.899381405,,,15.50233594,14.39080111,,,,
Guyana, World,Import,  All Products,AHS Weighted Average (%),,,,,,,,,,,,15.19960874,15.53769415,11.60969891,11.84111193,11.49598725,,,6.212470153,11.07515135,6.310337504,11.57882785,6.600739474,6.835422236,7.129184306,8.01281717,11.38721416,6.730739265,6.576453569,6.60761261,3.737269832,9.548431813,6.50957274,4.727981064,9.269015481
Honduras, World,Import,  All Products,AHS Weighted Average (%),,,,,,,,8.965583465,7.796684988,9.755385557,8.053836448,7.696873936,8.351639685,8.762620671,7.181067828,7.183469707,4.940337946,6.009326405,5.920116026,4.47307891,,6.706093894,6.646756891,6.346506246,6.309916569,,4.444634415,2.786806167,,5.153743143,3.409399272,5.586319157,3.314696414,2.851443972,
"Hong Kong, China", World,Import,  All Products,AHS Weighted Average (%),,,,,,,,,0,0,0,0,0,0,0,0,0,0,0,0,0,0,0,0,0,0,0,0,0,0,0,0,0,0,0
Hungary, World,Import,  All Products,AHS Weighted Average (%),,,,,,8.95957344,,,8.615795209,4.601236277,3.935979212,3.041072572,2.900833557,2.396925028,7.908570871,,1.242582016,1.235688235,1.372629934,1.175861026,1.107810908,1.144554571,1.308499161,0.770686872,0.793552789,0.755830836,1.162255879,1.385874458,1.439726945,1.333502476,1.244539493,1.186165809,1.007485585,0.961358656,0.91682206
Iceland, World,Import,  All Products,AHS Weighted Average (%),,,,,,3.407790365,,,3.644789139,2.294779716,4.505635138,3.650450044,4.724939431,3.680104897,3.000131494,4.310847138,4.524166184,4.239762029,1.831312478,1.896032677,1.846564649,1.654636431,1.498925055,1.57816756,1.470136926,1.661175432,1.59820752,1.419901071,1.471721758,1.572287729,1.482043687,1.528916633,1.62802801,1.505640959,1.722613804
India, World,Import,  All Products,AHS Weighted Average (%),,,56.35850442,,27.00896777,,,,23.71781823,20.12804442,29.70142478,28.51455179,23.35835426,26.51374931,23.08054108,21.45466375,22.96119713,13.90144959,8.988114122,11.99143775,5.982992889,6.841779896,6.099422704,7.334274432,6.317289727,6.342871903,6.47986331,7.323456906,6.349612648,5.777707786,4.883653477,6.594798086,6.193398942,5.87307628,4.472679363
Indonesia, World,Import,  All Products,AHS Weighted Average (%),,14.54257193,15.08852793,,,12.51262913,,10.84239613,7.732402475,15.06558703,5.481272119,6.050030179,5.163803536,4.142693437,4.381592195,4.046134396,4.024500137,3.970012036,3.531788303,2.903676664,4.383499604,1.711237746,2.562462731,2.62101262,2.538412491,2.372084325,4.391336559,2.651883093,2.636009347,2.064431705,1.997510317,2.003791696,2.040530652,1.834621502,1.884538148
"Iran, Islamic Rep.", World,Import,  All Products,AHS Weighted Average (%),,,,,,,,,,,,,22.73903843,,,16.73861638,13.83725563,,,,,,,15.22978469,,,,,,,,15.43354617,12.09436166,,
Ireland, World,Import,  All Products,AHS Weighted Average (%),,,,,,,,,,,,,1.998072679,2.263004533,1.771039885,1.667482075,1.671748034,1.875856802,1.936439141,1.980404312,1.660572794,1.714619443,2.781350033,2.54886119,2.209293044,2.527915098,2.089851178,2.09350574,1.912148634,1.937203827,1.839629558,1.835801978,1.704660521,1.361038079,1.344759508
Israel, World,Import,  All Products,AHS Weighted Average (%),,,,,,,,,,,,5.636710463,3.83342319,3.659538438,3.466225311,3.276418137,1.221872355,1.324984447,2.424679453,1.369435199,1.537745508,3.486215091,3.190865623,2.941307119,1.350592125,1.419505533,1.458795069,2.832820253,2.814864081,1.850420543,1.44127947,1.536423957,3.136890719,2.87663742,2.615279885
Italy, World,Import,  All Products,AHS Weighted Average (%),,,,,,,,,,,,,1.878431717,3.164495077,2.12833572,2.190021108,2.112528587,2.261343087,2.109364961,1.933894123,1.392425845,1.50394315,1.672827169,1.214491563,1.097822435,1.211145585,1.799691254,1.975622535,1.960560693,1.679533456,1.56326825,1.706036955,1.738553737,1.402798941,1.097298401
Jamaica, World,Import,  All Products,AHS Weighted Average (%),,,,,,,,,17.84772497,,,16.66895472,9.852762427,9.52589606,9.826387713,10.0807604,9.433676781,,8.911916437,8.921510509,,,7.451671458,7.335261632,10.38124326,9.593142283,10.09897543,10.52437807,10.83883081,,,,8.40868422,8.610270958,9.250659407
Japan, World,Import,  All Products,AHS Weighted Average (%),4.122500197,4.065322926,3.614990068,4.044570782,4.240354399,4.357200766,4.301814024,5.221496942,5.58591416,4.328866308,4.169114069,4.420137623,4.494273736,5.749445076,5.515980862,5.226469692,4.000156375,3.580541106,2.819598789,2.742933664,2.493940706,2.906592969,2.196752825,2.366922755,2.265718393,1.177900132,2.294250399,2.302434084,2.550321646,2.507154332,2.447451863,3.529059245,2.217498329,1.843794502,1.714643785
Jordan, World,Import,  All Products,AHS Weighted Average (%),,,,,,,,,,,,,18.91989072,12.31540171,12.65822562,11.43563021,11.22783496,7.50225476,5.625169657,5.620608687,5.092046092,5.132622598,8.456097312,8.061246076,8.104064474,8.082547447,4.003572257,3.980789637,4.322742046,4.406479752,9.72345288,9.274710084,3.984892569,,1.555568265
Kazakhstan, World,Import,  All Products,AHS Weighted Average (%),,,,,,,,,,,,,,,,,1.910512365,,,,2.223521655,,4.401736646,3.201558089,3.679444065,3.753088009,3.459371292,4.849778284,2.552689857,2.393513878,2.372496504,2.321441449,1.96108604,2.165577323,2.923522047
Kenya, World,Import,  All Products,AHS Weighted Average (%),,,,,,,,,,,30.28718498,12.86096728,16.5177123,14.99864322,12.23246146,10.86184615,10.44367659,6.576751528,6.318039129,6.790070414,7.345509629,9.516173411,7.322024575,,,9.642044315,,11.47225304,12.25308564,11.4924788,10.06812103,11.47887507,9.317678066,9.304997992,11.82368457
Kiribati, World,Import,  All Products,AHS Weighted Average (%),,,,,,,,,,,,,,,,,,,,,,,,,,,,,,,,,0,0,
"Korea, Rep.", World,Import,  All Products,AHS Weighted Average (%),13.94781045,10.61177974,9.535881191,,8.531781977,,,6.842877377,15.02109357,13.45231832,13.61346743,5.902037977,9.550530094,10.4054419,9.98483875,9.703968218,9.252121294,7.949889124,7.426007694,7.133090147,8.26040584,7.797950071,7.186103726,7.316890577,7.58561281,7.851416189,6.101880468,5.717253982,8.668075441,5.046808654,4.82934759,5.119280105,5.477333708,4.848513289,5.844979521
Kuwait, World,Import,  All Products,AHS Weighted Average (%),,,,,,,,,,,,,,,4.300072996,4.524792128,4.524792128,,3.741605972,3.525481304,3.982785494,,3.942161559,3.942161559,,3.931630006,3.140351365,2.958580335,2.958673519,4.340947558,4.774509594,4.506069217,3.007268034,2.852062421,3.928967314
Kyrgyz Republic, World,Import,  All Products,AHS Weighted Average (%),,,,,,,,0,,,,,2.776094336,3.326176702,6.796947162,4.309414126,3.771988994,4.071248445,1.181299813,1.060360525,2.318261573,2.377014201,2.294693069,2.378896191,2.462997805,2.462997016,2.335931945,3.199067712,3.156580615,2.931286779,2.91984294,3.089924866,2.334603576,3.007683983,
Lao PDR, World,Import,  All Products,AHS Weighted Average (%),,,,,,,,,,,,,,,,,,,,,,,,,,4.444686082,3.380994429,2.348122969,1.64637034,1.48175951,0.728268607,0.763807109,0.965066588,1.122456693,1.410727643
Latvia, World,Import,  All Products,AHS Weighted Average (%),,,,,,,,,2.178637148,3.207534111,3.44317688,2.939089197,0.623479332,2.563144093,2.522209149,,1.219648268,1.460710819,1.535748349,1.464234849,1.023550975,0.843810553,1.352835051,1.020922104,0.92813849,0.96673573,1.651815027,1.765157531,1.797687475,1.63912385,1.460124443,1.488038855,1.715556238,1.317106488,1.36853309
Lebanon, World,Import,  All Products,AHS Weighted Average (%),,,,,,,,,,,,11.59025313,16.94208356,8.357812874,27.08602178,,5.326395114,6.126393672,4.31819398,4.787178128,,,,,,,3.257508123,3.393140019,2.984970239,3.760881164,1.047941726,3.332489112,2.828693358,,
Lesotho, World,Import,  All Products,AHS Weighted Average (%),,,,,,,,,,,,,0.16327399,1.378578528,10.81761317,11.40625888,16.35130663,16.74666762,15.67400009,13.58349483,12.06317086,10.32287056,10.55754322,13.15734381,13.08248949,1.372343356,2.433718145,2.787630065,2.010271537,1.427555608,3.362338068,3.353597468,3.310013784,3.35203566,4.527349295
Liberia, World,Import,  All Products,AHS Weighted Average (%),,,,,,,,,,,,,,,,,,,,,,,,,,,,,,8.970957841,9.53805883,12.55335707,6.603783129,6.635417766,6.207345827
Lithuania, World,Import,  All Products,AHS Weighted Average (%),,,,,,,,2.551411193,,2.283190711,,,,2.530135349,0.626323702,0.660107112,1.19430337,1.866351787,1.745625196,1.539925953,0.886205431,0.848479564,0.903902404,0.696396088,0.659670955,0.697987435,1.260243663,1.600293964,1.698625811,1.420796183,1.403576752,1.54282896,1.995124445,1.653693099,1.08150962
Luxembourg, World,Import,  All Products,AHS Weighted Average (%),,,,,,,,,,,,,2.1191005,2.335441673,2.157201928,1.919714408,1.601813368,1.626239579,1.884841442,2.045021863,3.13730344,3.18771119,3.555398293,2.526182397,2.169134263,2.046285437,2.564307795,2.446869631,2.180901868,2.218524998,2.301390059,2.456783662,2.124424156,1.901695479,1.880919915
Macao, World,Import,  All Products,AHS Weighted Average (%),,,,,,,,,0,0,0,0,0,0,0,0,0,0,0,0,0,0,0,0,0,0,0,0,0,0,0,0,0,0,0
Madagascar, World,Import,  All Products,AHS Weighted Average (%),,,,,,,,5.1779,4.596499971,5.314177555,4.730867044,4.241658883,4.49906712,3.474754662,2.722002035,3.317433459,1.732887851,5.890252973,9.536680881,8.483093479,8.509310619,7.89140781,6.316220138,6.371573429,6.179629187,6.39386935,5.988180801,9.354109738,7.863959327,6.834031005,7.739201189,7.541016101,7.203603507,7.507833432,8.884816507
Malawi, World,Import,  All Products,AHS Weighted Average (%),,,,,,,22.30553715,,,,,,12.39452953,9.875368631,9.469868261,11.12738577,,,8.114348825,9.128693249,5.961233411,8.440874531,6.409931064,6.081286818,5.725910686,3.798467481,4.253153524,4.243499154,4.770514026,5.642773608,,4.242074111,6.183030845,5.949425479,
Malaysia, World,Import,  All Products,AHS Weighted Average (%),,,,10.84513954,,9.331530602,,,6.265689239,5.3684908,5.22865118,5.137923501,4.808767314,5.056529927,4.197577641,4.573008298,5.368433814,4.266776197,3.683652428,3.71156886,3.886400955,3.551626111,3.115436447,4.171817907,4.409858978,4.444429416,1.283317192,4.495389255,4.024551378,3.890063876,4.084116192,3.90807515,3.601839872,3.623840314,3.470055025
Maldives, World,Import,  All Products,AHS Weighted Average (%),,,,,,,,,,,,,20.44618432,20.22373647,19.86585212,20.68466765,19.84546213,21.09217206,21.23549428,20.39323149,20.25362086,19.90971067,19.70848542,20.74942224,6.449531588,6.955941996,7.589928135,11.12866918,11.15812694,12.0430966,11.38670852,18.38837631,11.55404749,10.55384287,11.21037429
Mali, World,Import,  All Products,AHS Weighted Average (%),,,,,,,,,10.34621609,10.34621609,10.34621609,6.679975745,7.064830615,10.64166075,10.76793028,10.90391925,10.96258953,10.40857547,8.311230879,8.437222724,8.437204812,,8.458344568,7.78268101,7.431339285,,,,6.22251919,10.04248605,9.424346647,7.229241073,,,
Malta, World,Import,  All Products,AHS Weighted Average (%),,,,,,,,,7.627229563,8.712352804,9.046550107,9.366216201,9.706462019,7.674975975,5.935877123,5.650575751,3.479354141,3.304188929,2.582091542,3.219781829,2.792708282,2.506754227,2.31334132,1.545041725,1.359269388,1.236471375,1.806242643,2.115362745,1.499780411,1.600245149,2.007625345,2.552917376,2.012881477,1.498536564,1.556228633
Mauritania, World,Import,  All Products,AHS Weighted Average (%),,,,,,,,,,,,,,9.915596175,,,,,9.903696144,9.455846889,9.285245771,8.682725468,7.944203099,8.050175433,,,8.616085759,8.669683224,,8.022620499,8.030305796,8.030305796,12.18979702,8.316613493,8.681350795
Mauritius, World,Import,  All Products,AHS Weighted Average (%),,,,,,,,23.53562797,17.99242742,19.23782885,23.82912902,19.97794045,11.72180579,12.01294563,12.93789056,12.72411346,12.01658796,4.652714359,1.682233781,2.178694055,2.155847005,1.16404684,1.132651834,0.805283195,0.909975012,0.975724186,0.689738586,0.684297766,0.791545625,0.871686903,0.806156002,1.100071597,0.923991575,1.27073315,1.224794879
Mayotte, World,Import,  All Products,AHS Weighted Average (%),,,,,,,,,,,,,,,,,,,,1.879631635,1.824156843,1.813833561,,,,,,,,,,,,,
Mexico, World,Import,  All Products,AHS Weighted Average (%),,,,11.9101641,,,,7.251402646,14.01620386,13.07857303,13.05354715,6.593227806,15.15300739,15.24176353,5.031729037,15.43829289,2.997622988,2.99679069,2.387620278,2.41132222,1.865665589,1.611818518,5.368918103,5.365458837,5.16977046,4.871456563,1.021988741,4.454918308,4.350094299,1.238581911,1.205927893,4.190140596,4.011208073,,1.62029973
Moldova, World,Import,  All Products,AHS Weighted Average (%),,,,,,,,,1.8898724,,,,2.337985505,2.896077789,3.030945171,3.37473934,3.081835743,3.229117401,1.682023993,2.702935245,2.022005718,3.209228489,2.275980545,3.35404811,2.610211571,5.705206071,2.530253219,3.39274029,3.544326095,4.288735001,4.12212378,4.257041759,1.263941627,1.204853373,1.15570744
Mongolia, World,Import,  All Products,AHS Weighted Average (%),,,,,,,,,,15,0,0.087717492,5.035381565,6.950173842,,5.034699708,5.022931557,4.290387491,4.403773676,5.09820139,,,,,,5.026955653,5.142286112,4.565975164,5.227824685,5.518716238,5.260178125,5.306579023,5.301393854,5.276291181,5.356257481
Montenegro, World,Import,  All Products,AHS Weighted Average (%),,,,,,,,,,,,,,,,,,,,5.462422235,5.750242656,6.733219123,6.881127405,6.163844379,5.791480594,3.961045993,3.632568239,3.690510427,3.009594043,3.073209221,2.844877349,0.98585594,2.58698696,3.186290713,2.961777132
Montserrat, World,Import,  All Products,AHS Weighted Average (%),,,,,,,,,,,,13.31353862,,,,,,,,,,,,,7.751722724,10.97507192,,9.529028601,9.529028601,9.074323035,9.074323032,9.529028598,9.529028598,10.64796008,9.934176575
Morocco, World,Import,  All Products,AHS Weighted Average (%),,,,,,45.43703865,,,22.62597152,17.31050059,27.64739481,24.00261211,25.41510648,24.80323557,24.48568437,24.88133606,16.62872819,13.53756063,10.81395683,10.0363569,8.849805098,7.622011197,13.01080593,11.71208184,4.111774579,8.904909344,3.019471598,3.423046316,3.78383269,3.861369723,3.461596699,3.598910742,3.611063137,4.225135494,7.2912551
Mozambique, World,Import,  All Products,AHS Weighted Average (%),,,,,,,,,,,,,16.31766602,11.37411129,8.430506044,8.402005726,8.743032863,8.087870006,7.305657166,7.735457038,7.073847526,4.815627514,4.769076742,7.094273352,4.769015978,4.73449583,4.171928375,6.912996598,3.553990604,,4.176831484,7.433712596,4.136701764,4.194501088,3.699240072
Myanmar, World,Import,  All Products,AHS Weighted Average (%),,,,,,,,,,,,,,3.983007296,,,,,,,,,2.426027349,1.992472171,4.857510287,4.06977499,4.079264218,1.724071125,4.028579224,5.826309603,1.76743919,1.808683597,1.251881782,1.039716023,0.819318915
Namibia, World,Import,  All Products,AHS Weighted Average (%),,,,,,,,,,,,,1.103196932,0.742536985,1.113137065,1.435152501,0.881337454,0.963461997,0.966818237,1.154878314,1.748875101,1.766697738,1.325263483,1.065071949,0.606954209,0.747382272,0.695746904,0.896527922,1.028290576,0.910247748,0.998976611,1.097907699,1.255181899,1.324396098,3.510404309
Nepal, World,Import,  All Products,AHS Weighted Average (%),,,,,,,,,,,20.09183607,14.01327731,16.83647837,,,15.85766627,,,,,,12.65201751,13.04574438,12.44615491,12.44952886,15.04413385,10.5525368,12.31018962,12.34996931,11.3478104,12.35920025,14.22387197,11.59766553,11.98860042,11.58689591
Netherlands, World,Import,  All Products,AHS Weighted Average (%),,,,,,,,,,,,,2.597213831,3.020532917,2.369056518,2.087767511,1.84860581,1.900719831,2.087832664,2.166841036,1.649397024,1.735325698,2.001447462,1.619474329,1.485311223,1.526582625,2.104785059,2.314021217,2.208031682,2.020685995,1.927911117,1.99649979,1.781337577,1.665676645,1.406862795
New Zealand, World,Import,  All Products,AHS Weighted Average (%),,,,,11.24373214,9.019039312,,,4.83295848,4.149077696,3.568271359,3.003821302,2.365726086,3.608718571,3.846467497,4.205776844,4.319881725,4.137665873,4.52096098,2.621437512,1.824721517,1.675451554,5.534641691,2.114686025,2.322602234,1.377583657,1.312733282,1.318639068,1.272797965,1.346373687,2.596273213,0.912794294,0.854321575,0.856934927,1.730875038
Nicaragua, World,Import,  All Products,AHS Weighted Average (%),,,,,,,,5.553178293,8.263192648,5.935774769,4.532046147,8.266750041,2.865350032,3.115758998,2.89050004,2.933535346,3.756567182,5.461556585,4.127808399,3.588125059,4.397569116,2.368528607,2.103735248,2.883632443,2.871524911,1.744840871,1.953148207,1.934352387,2.174896883,2.331833081,1.945076165,1.860426941,1.842304855,1.956630115,2.050503479
Niger, World,Import,  All Products,AHS Weighted Average (%),,,,,,,,,,,,,,13.66120965,12.81381273,12.67249345,11.68867605,11.9881265,9.578225363,9.409755147,9.40975353,9.409755147,10.31013536,9.695695678,9.560969119,10.20811117,9.280668753,8.069904493,8.213865265,11.92201936,11.02236941,9.271341345,8.056875899,8.458098967,8.693823912
Nigeria, World,Import,  All Products,AHS Weighted Average (%),,,,,,,,,16.06162372,16.20533301,16.20533301,19.77073503,19.98507509,21.47468273,18.45192585,20.61553254,,,9.395224077,9.873329727,9.78826478,9.825443177,10.69719137,10.15290148,9.915005974,10.06631381,11.34147739,8.217960417,8.515522348,8.440327504,9.324849588,7.95427069,12.36615952,12.19995772,9.369382486
North Macedonia, World,Import,  All Products,AHS Weighted Average (%),,,,,,,,,,,,,,9.289632434,7.741233494,9.461232103,8.09105896,3.71198616,4.446253456,5.758824823,3.587730872,3.391846858,2.922511203,2.215623141,2.068709516,7.142682773,2.256749872,1.208243851,3.956963806,1.915370782,1.940058447,1.937550691,1.743928668,2.377996849,2.347329093
Norway, World,Import,  All Products,AHS Weighted Average (%),,,,,,1.258245449,,6.453722862,2.41441366,4.418314032,3.607371095,2.485971798,3.44635538,3.106627218,2.654430954,2.451420749,2.790558555,2.872221432,2.349265801,2.572045643,2.46352486,2.330440063,3.037659166,3.354665397,3.565822803,3.818862208,3.000375791,3.516162123,3.410626047,3.128073259,3.200077142,2.616630909,2.802387244,3.004856106,2.428635985
Occ.Pal.Terr, World,Import,  All Products,AHS Weighted Average (%),,,,,,,,,,,,,,,,,,,,,,,,,,3.335642545,3.329437234,2.147003407,1.124950401,2.184395551,,,,,
Oman, World,Import,  All Products,AHS Weighted Average (%),,,,,7.433804831,,,,,4.493971796,,,,12.73158617,13.6502617,5.070248276,4.684075953,3.219135148,3.396413467,3.289941419,2.746200592,2.906326734,,,2.341081225,2.450535923,2.41436649,1.904772379,1.462224183,1.734149936,1.734822159,1.712190799,1.707840568,2.004799204,2.205035902
Pakistan, World,Import,  All Products,AHS Weighted Average (%),,,,,,,,,,,,,,,,16.71419208,13.01902277,13.0010971,12.70830042,12.11477436,9.498055944,9.883857516,10.19935884,9.018571604,9.020849216,9.412476698,8.919490464,9.577843885,10.09418984,11.42787516,9.453802305,8.687780805,8.673389299,9.026464492,7.765359993
Palau, World,Import,  All Products,AHS Weighted Average (%),,,,,,,,,,,,,,,,,,,,,,,6.758949343,6.544471377,6.40065919,,,7.692619797,7.799950982,29.87633739,34.6298771,,,,
Panama, World,Import,  All Products,AHS Weighted Average (%),,,,,,,,,,10.62040242,8.688842931,7.83171489,7.186381955,6.863784319,7.461970763,7.893266769,7.626285481,6.911259565,7.59447254,7.53898868,7.235741879,7.039383929,6.927037165,5.763645816,6.126940926,6.078058245,5.755778632,5.412997108,5.712857128,6.043957204,5.470282857,5.760197454,5.771805867,6.426053637,6.093828616
Papua New Guinea, World,Import,  All Products,AHS Weighted Average (%),,,,,,,,,,,,,3.133969908,3.093026746,2.944667493,2.296120631,2.097138017,,,,,,,,2.566615373,,,,,,,7.75017617,3.631786454,3.583518659,
Paraguay, World,Import,  All Products,AHS Weighted Average (%),,,,11.85507877,,,8.018551325,6.345309238,10.44914705,9.458080955,11.46280966,6.195682234,10.25214708,10.73932851,9.943469829,9.846789686,5.117757958,4.612457238,2.3986572,3.339249345,3.5939232,3.44779966,3.947877318,4.272343025,4.182446263,4.42052688,4.198400034,4.426789941,4.211108127,4.80302855,4.975728281,4.975414698,4.047755927,4.486497559,4.628202356
Peru, World,Import,  All Products,AHS Weighted Average (%),,,,,,,,15.33858318,,12.70140601,12.70595128,12.64763653,12.81588233,11.31644906,9.921819733,9.498947764,8.69801255,8.328976751,5.253910556,5.181882683,2.088551935,2.242811239,2.51857781,1.513474632,,1.522966052,1.431200338,1.803178747,1.862565545,0.798251524,0.708689913,0.726464702,0.660322883,0.653519853,0.656464635
Philippines, World,Import,  All Products,AHS Weighted Average (%),,,,,,,,,8.532272295,7.55737461,6.365553703,6.094790968,3.774057924,3.467707923,2.62406381,2.44038914,2.855503114,3.141897116,3.101067886,2.782727297,4.09682878,3.983678768,3.962035381,1.983490166,1.850872393,1.855667099,1.801727665,1.746283717,4.169060871,1.659317372,2.112030161,1.675368078,1.67336165,1.728685895,1.756175179
Poland, World,Import,  All Products,AHS Weighted Average (%),,,,,,,,6.07357385,8.501174319,8.627516118,6.385723549,4.192471983,2.874242925,3.116198216,3.80356261,2.364762394,1.624872067,2.011431148,2.002651484,2.044518718,1.545855468,1.542298754,1.986115757,1.236087482,1.145973614,1.215768197,1.88910857,2.027783044,2.09568046,2.034237678,1.91351021,2.063420319,1.931334715,1.861866115,1.787171434
Portugal, World,Import,  All Products,AHS Weighted Average (%),,,,,,,,,,,,,4.335223056,6.645419288,3.004346957,4.594307141,4.36557214,4.171415544,3.320058587,3.296054294,2.356295205,2.714007734,2.057305857,1.906327292,1.574854321,1.402201596,1.608090846,2.146929775,2.405737387,1.477372833,1.766041226,1.808504683,1.965815483,1.858488955,1.404935638
Qatar, World,Import,  All Products,AHS Weighted Average (%),,,,,,,,,,,,,,,4.281950347,4.983841176,5.121043013,4.300026108,4.276456019,3.682486816,3.704006448,,4.424506006,,4.004644396,4.099470785,3.417669765,3.367416647,3.36781196,4.216923377,3.676998419,3.467669985,3.545172633,3.533476357,3.706179057
Romania, World,Import,  All Products,AHS Weighted Average (%),,,,11.86796824,,,,,,,,7.311977738,,8.257534197,,,3.312211297,3.09232264,,2.071720554,1.582950695,2.086493362,1.647951372,1.850687279,1.408684964,1.304506416,1.461023083,1.800520083,2.058533098,1.434845872,1.285795103,1.479404573,1.378867955,1.345585587,1.218735353
Russian Federation, World,Import,  All Products,AHS Weighted Average (%),,,,,,,,,9.638746153,11.27752761,,,,10.78255632,10.80267344,,,10.4772484,,7.264364003,8.586419393,8.124235109,7.271408658,7.243274327,6.836792919,6.207014331,5.370462486,4.519510892,3.621697402,3.611438444,3.512320695,5.339517059,4.069686789,4.168390066,
Rwanda, World,Import,  All Products,AHS Weighted Average (%),,,,,,,,,,,,,,7.640569366,20.1228026,8.327241169,18.6197031,14.18518059,12.44794792,17.51072639,12.91179366,7.445397232,8.033168239,6.817458327,9.405585685,8.700853149,8.899000419,9.745117614,7.334142933,13.36139396,4.075981109,9.554891864,10.18658699,11.96845724,11.29111296
Samoa, World,Import,  All Products,AHS Weighted Average (%),,,,,,,,,,,,,,,,,,,,,,,,9.84615531,9.860126779,9.714497276,9.980984101,10.28293356,10.58343292,10.19356664,10.85394563,9.921081154,,,
Sao Tome and Principe, World,Import,  All Products,AHS Weighted Average (%),,,,,,,,,,,,,,,,,,,,,,,,,,8.020894104,8.23751859,9.073100387,10.44458323,,9.459515201,9.96927406,,,
Saudi Arabia, World,Import,  All Products,AHS Weighted Average (%),,,,,,,10.72344836,,,,,11.49600798,12.48374389,11.11520428,6.527310737,7.27923829,7.006980218,4.052648829,4.121768946,3.770575604,3.247880544,3.132941959,5.264285766,4.162517489,3.573959396,3.573922528,3.394337037,4.453824572,5.665160235,4.847207939,4.736280456,4.942217157,4.227510408,,5.533883454
Senegal, World,Import,  All Products,AHS Weighted Average (%),,,,,,,,,,,,,,9.404399586,8.26279088,9.121766832,9.247179208,9.201779917,9.348200243,8.485790127,8.485789313,9.001909906,8.848891593,8.511863509,8.08048548,8.079076523,8.462546032,8.620541058,8.750916192,12.30232172,11.52422756,9.121286769,9.069655087,8.879709881,8.405116501
"Serbia, FR(Serbia/Montenegro)", World,Import,  All Products,AHS Weighted Average (%),,,,,,,,,,,,,,5.800323668,7.883207328,,,,,5.630355535,5.514959547,3.556727478,2.788177861,2.358168406,,4.819616346,,1.294994066,1.373904884,1.408313498,1.438378673,,,1.716559737,
Seychelles, World,Import,  All Products,AHS Weighted Average (%),,,,,,,,,,,,,26.91993941,32.52997385,,,,32.60166832,32.58158104,30.06711081,,,,,,,,2.820341482,4.32020938,3.701342308,2.094827652,20.28191736,1.469177594,1.07228503,1.271151435
Sierra Leone, World,Import,  All Products,AHS Weighted Average (%),,,,,,,,,,,,,,,,,,,,,,,,,,,12.42259847,13.76528923,12.09628718,,13.79240248,,,,
Singapore, World,Import,  All Products,AHS Weighted Average (%),,3.26032842,,,,,,0.327477956,0.048681385,0.048633599,0.046162022,0.046875306,0.037619803,0.039616687,0.039131599,0.018609325,0,0.026397214,0.014995805,0.009101693,0.046904255,0.055055035,0.048176166,0.160697824,0.056705849,0.072102606,0.07080853,0.074096035,0.069514601,0.074039193,0.23694397,0.38777686,0.049953016,0.000235864,8.73061E-05
Slovak Republic, World,Import,  All Products,AHS Weighted Average (%),,,,,,,,,,,5.375500308,4.820779573,4.302581347,4.613352131,4.605218291,4.614929736,2.128756373,1.733240644,2.496413544,2.896047146,2.203870071,2.905454246,3.098864049,2.102826881,2.049936996,1.494691351,1.885761149,1.918000659,1.91906571,1.731339162,1.569293125,1.775065761,1.62185398,1.596228721,1.593046203
Slovenia, World,Import,  All Products,AHS Weighted Average (%),,,,,,,,,,,,11.3819089,,10.00315746,1.649107699,1.724060515,3.148214995,2.576360035,2.736030637,3.033094615,2.491673769,2.433820655,2.710633125,2.373423022,2.095862321,1.99568601,2.290704367,2.308013178,2.213217338,2.100467255,1.934664114,1.748092603,1.368722652,2.046818283,1.462212663
Solomon Islands, World,Import,  All Products,AHS Weighted Average (%),,,,,,,,,,,,,,,,,,,,,14.59606617,,,,7.165862846,,,35.6496548,14.07602575,18.49411431,30.27665073,,,,
South Africa, World,Import,  All Products,AHS Weighted Average (%),,,,,,13.4520633,,,8.268214383,5.994500742,5.318270095,5.466534248,5.272872039,5.095137791,4.947844661,5.150461071,5.289798156,5.643200457,5.289357743,4.807372281,3.904093968,4.321402168,4.58737448,4.393937519,4.223015282,4.147406851,3.865216063,4.378380254,4.513183589,4.611729453,4.319814179,5.365852777,4.401679622,4.460883161,4.754114172
Spain, World,Import,  All Products,AHS Weighted Average (%),,,,,,,,,,,,,2.652090001,3.954094044,2.480624898,2.402838657,2.374978365,2.421115116,2.184727159,2.100038608,1.519863577,1.687715373,2.064573721,1.528033038,1.328431568,1.367735734,1.878831212,2.213455388,2.177891437,1.889003443,1.795216848,2.061882388,1.987046784,1.66909036,1.391745156
Sri Lanka, World,Import,  All Products,AHS Weighted Average (%),,,28.96413396,,,31.22256607,31.16072691,,,,,,6.776365155,6.548436725,,6.263228153,6.723551141,7.557038265,7.227501091,7.189856624,7.12253597,7.207286797,8.043392957,7.682681319,7.052636024,9.28094867,7.092989994,4.432755398,12.21188805,8.721423107,,13.29798788,6.276573795,4.356130684,
St. Kitts and Nevis, World,Import,  All Products,AHS Weighted Average (%),,,,,,,,,21.57104607,,,17.87349215,13.11020533,12.61054664,13.68128672,13.70565437,,,12.40557554,12.32105422,13.6030904,15.11145412,13.01755593,12.46180509,12.31285336,12.30894581,12.28571357,12.29261579,12.30191393,21.08230009,,,,,
St. Lucia, World,Import,  All Products,AHS Weighted Average (%),,,,,,,,,18.51666693,,,16.2993866,16.33813474,12.22108384,12.69454203,12.77583738,13.54778104,13.76167613,9.432988078,9.002259045,,,5.924716321,5.80055852,6.745935717,10.55183892,8.110371878,7.836377592,9.245648871,,,16.69820354,9.079059797,,
St. Vincent and the Grenadines, World,Import,  All Products,AHS Weighted Average (%),,,,,,,,,,,,15.82611229,15.03741068,12.50302411,11.67571244,11.75653547,,,3.749807652,9.032329613,,,10.80262406,10.24745151,7.547881726,7.547881726,11.9072202,7.145625723,9.194343134,8.934576663,8.922469383,8.840950224,8.969546465,9.05740958,9.165664455
Sudan, World,Import,  All Products,AHS Weighted Average (%),,,,,,,,,,,,,,,,,,,,,,,,,12.11729406,12.14332991,,,,14.01241105,,,,,
Suriname, World,Import,  All Products,AHS Weighted Average (%),,,,,,,,,16.69816419,,,14.00016718,12.16570447,,,,,,,10.11690887,,10.78272581,10.78579698,9.801482273,7.609710031,7.609710031,9.952136783,10.34835454,9.932171659,,10.54469784,8.718198537,8.718198537,8.426162986,7.797139049
Sweden, World,Import,  All Products,AHS Weighted Average (%),,,,,,,,,,,,,2.753395245,3.235915137,2.410316046,2.443726709,2.073258495,2.308428249,2.163584537,2.143655527,1.665228794,1.716103699,1.932560583,1.53064165,1.387144894,1.486795299,2.007697002,2.176290976,2.103707394,1.887344527,1.72260841,1.923109855,1.833852719,1.601863195,1.385922721
Switzerland, World,Import,  All Products,AHS Weighted Average (%),,,7.353672019,,,8.843835404,,16.77234138,7.90806394,3.035549226,2.700799316,2.60014156,2.335656193,2.345014555,2.191110838,2.646544635,2.112786692,2.321238507,2.708261868,1.894538935,1.787244987,1.772775729,1.494404762,1.911116273,1.360400169,1.965200859,1.870503207,1.30432862,1.307904114,1.678262631,1.697276183,6.121958269,1.359848211,1.402125894,1.332921299
Syrian Arab Republic, World,Import,  All Products,AHS Weighted Average (%),,,,,,,,,,,,,,,15.5045843,,,,,,,6.300888574,7.228003886,,,,,,,,,,,,
Tajikistan, World,Import,  All Products,AHS Weighted Average (%),,,,,,,,,,,,,,,,,,,,,,,,,,,,,5.695673724,4.976817718,,6.371673324,3.933157444,2.306677001,
Tanzania, World,Import,  All Products,AHS Weighted Average (%),,,,,,,,,,18.29223087,18.3080485,,13.06838608,,,8.379574774,8.501452886,7.845501554,7.404381533,7.208703076,7.890242583,8.797873046,8.966286206,7.599976626,9.032384519,8.372242755,8.325709835,7.278471048,8.622130544,10.56613377,8.552761301,8.367220449,8.939888585,8.671275774,9.090077116
Thailand, World,Import,  All Products,AHS Weighted Average (%),,33.65491908,,33.63033626,,36.6403019,,14.85833898,,,,33.51035901,9.540168594,8.327236968,8.090977026,8.271075871,6.02874104,4.813461211,4.618859356,4.320588269,4.274975498,4.761291052,4.999575258,4.853506212,,6.060326029,3.525221522,3.521353295,6.850241561,5.189976599,1.842837408,6.602333398,6.778247763,3.145653255,3.793560484
Togo, World,Import,  All Products,AHS Weighted Average (%),,,,,,,,,13.7878585,14.57841294,13.82841936,14.99130549,11.3612118,10.9090304,10.20143762,10.782016,10.79488344,10.40179707,,10.58588513,10.58588513,10.50745806,10.44125541,11.05807682,9.373148862,9.35647558,9.354553723,9.726966713,9.481701164,13.43497326,12.84862966,10.98464569,10.98464569,10.73118335,13.90536498
Tonga, World,Import,  All Products,AHS Weighted Average (%),,,,,,,,,,,,,,,,,,,,4.515126912,4.515126912,4.714925862,5.120239883,5.582031947,5.497455976,5.173759596,,,,,,,,,
Trinidad and Tobago, World,Import,  All Products,AHS Weighted Average (%),,,,13.14592996,15.09312516,,,,7.178684222,,,17.85107777,5.836004576,6.560447822,4.924546141,5.461040191,6.2253228,8.302792511,12.26135886,10.3352748,13.99251587,7.881999994,8.612356442,8.615015646,8.656887604,8.62992573,,7.196941447,7.540321718,8.1533093,7.222724683,10.78406488,10.72256053,8.865491814,7.511073849
Tunisia, World,Import,  All Products,AHS Weighted Average (%),,,,,26.02424205,,,27.3550493,24.87766648,24.87766648,25.67391925,27.46127719,23.37743895,23.47414873,26.38211056,22.14403394,22.39494606,8.771410611,18.25732749,20.19809062,15.92597272,18.60983832,13.76976152,14.46282817,12.58255123,4.122559794,12.92053268,3.937187866,9.347325241,,,,,,
Turkey, World,Import,  All Products,AHS Weighted Average (%),,,,,,6.097245245,,6.740548536,3.191742576,5.652264153,3.203453459,5.340001096,2.378498309,1.945206083,1.841272466,1.921616143,2.178558508,1.501988094,1.466914046,2.05618918,1.967325026,2.213588795,2.35008824,2.652333422,,2.782989338,,3.194209341,2.736711293,3.446559912,2.503645775,3.126453524,2.85451905,3.224010072,4.366522926
Turkmenistan, World,Import,  All Products,AHS Weighted Average (%),,,,,,,,,,,0,,,,,,,,,,,,,,,,,,,,,,,,
Uganda, World,Import,  All Products,AHS Weighted Average (%),,,,,,,13.53432869,,,,,,6.012475776,6.089994734,5.975302459,5.527832117,5.323822863,8.983907915,7.708692527,8.438062301,8.751783252,9.218026795,9.183945272,8.436040185,8.898342668,8.504567319,8.644142537,7.884207998,7.333894327,9.72457036,8.009750833,8.046273914,8.093928261,8.671145346,8.160190714
Ukraine, World,Import,  All Products,AHS Weighted Average (%),,,,,,,,,,3.93312334,,,,,3.993183771,,,,3.053977529,4.692020663,3.845639726,1.933293895,2.89884072,1.90206018,2.054553614,2.78445761,2.062413786,1.928352332,2.455092249,1.89770231,1.558696502,5.334421006,1.665719152,1.712958883,1.856280533
United Arab Emirates, World,Import,  All Products,AHS Weighted Average (%),,,,,,,,,,,,,,,,,,4.195048348,,3.690760128,3.624473664,3.624711231,,3.874883509,3.528299716,3.60864406,3.210062829,2.988482643,2.821099211,4.754579816,4.398004797,3.9409507,3.282909819,2.634317754,2.848777103
United Kingdom, World,Import,  All Products,AHS Weighted Average (%),,,,,,,,,,,,,2.724080986,4.175032261,2.980091728,3.428404356,3.26499649,3.503105478,3.177356924,2.967593183,2.4055486,2.825885079,2.8818484,2.081204141,1.72702871,1.833225601,2.389975088,2.510988916,2.081820849,1.969749523,1.91826384,1.794555038,1.638294236,0.717232577,1.021525317
United States, World,Import,  All Products,AHS Weighted Average (%),,,,3.947714847,3.949103932,3.751360455,,2.936534187,2.858665506,2.595469916,3.094413308,2.311779067,2.095656867,2.114461552,2.158553134,1.956393748,1.79374778,1.745714144,1.702409365,1.547031689,1.575528867,1.708640273,1.661390047,1.672375485,1.673401044,1.665111213,1.685707518,1.693673966,1.64886247,1.664792101,1.591779814,1.577116723,1.516905393,1.482439707,1.562509125
Uruguay, World,Import,  All Products,AHS Weighted Average (%),,,,,,,,10.61649615,10.32461893,10.55406139,12.87538051,12.30793851,6.158432344,6.606361928,10.67159875,9.368059785,4.183645345,3.456799304,3.260638841,3.602869942,3.075692716,3.633169822,4.214297579,4.468001953,4.200683114,4.685546164,4.680929212,4.792276513,5.695001906,6.295457212,5.347758645,5.330359891,5.289753361,5.253513353,4.845872193
Uzbekistan, World,Import,  All Products,AHS Weighted Average (%),,,,,,,,,,,,,,,,,,,,,,,,,,,,,,,,,2.63373647,2.558577754,
Vanuatu, World,Import,  All Products,AHS Weighted Average (%),,,,,,,,,,,,,,,,,,,15.81063116,18.92785419,,18.75961636,,,,,,,,,,,,,
Venezuela, World,Import,  All Products,AHS Weighted Average (%),,,,,,,,11.4906416,12.69574257,13.39744887,13.68504884,13.0209494,13.37468308,14.46479778,13.69530542,12.75225917,11.87298964,12.77097802,10.60484417,11.10252365,9.620521619,9.092571551,9.957823522,8.593149106,8.591191245,8.417811357,,,,,,,,,
Vietnam, World,Import,  All Products,AHS Weighted Average (%),,,,,,,,,,,,,,15.28576423,14.72521056,11.78594694,11.68782212,11.34773659,10.2096235,9.134674201,5.031320839,6.760546636,5.02448578,,3.647408435,3.535651495,3.434408309,3.143948307,2.859434323,2.694162469,4.392130636,1.656410942,1.336797538,1.170633463,1.072655311
Yemen, World,Import,  All Products,AHS Weighted Average (%),,,,,,,,,,,,,,,,,,,6.455301564,,,4.248105298,,3.842267268,4.303432055,4.085620278,,5.136910536,,,,,,,
Zambia, World,Import,  All Products,AHS Weighted Average (%),,,,,,,,,,11.33451703,,,,14.28014839,10.6848898,8.70064355,12.58231201,9.323148926,11.56333974,9.634403385,5.251947007,4.099770691,3.293612056,3.454759275,3.550018623,3.350408244,77.86674672,3.953335343,6.221231189,,3.391121126,,4.815269931,4.809927342,42.84277089
Zimbabwe, World,Import,  All Products,AHS Weighted Average (%),,,,,,,,,,,,,11.56565913,10.55350605,17.48475634,17.33479823,,,,12.47534484,,,16.5956973,5.818885113,14.75772759,,7.416105876,5.722458862,4.992804559,14.16447098,14.18144047,12.40965047,12.35177388,11.36635017,